danceability,energy,loudness,speechiness,acousticness,instrumentalness,liveness,valence,tempo,id,duration_ms,cluster
0.73,0.685,-9.348,0.045,0.129,2.91e-06,0.121,0.969,89.975,6DXhnhJ1Y5v43xWMKsdKf3,237373,3.0
0.732,0.3,-18.602,0.0538,0.865,0.648,0.0778,0.985,95.76,6upHJl0v1Ft9DV3IZwvHVu,129289,2.0
0.536,0.712,-6.711,0.0266,0.571,0.0097,0.0327,0.729,101.617,75Ej5w6NWSuSAjmrpz1L85,174522,3.0
0.674,0.664,-10.227,0.0309,0.154,0.913,0.0679,0.32,135.026,37hu8gZIzWVucWNDer2LB2,344120,3.0
0.398,0.331,-16.487,0.0305,0.148,0.0646,0.124,0.759,89.316,1TASEXFXWLXmZ8kFug3sC0,133747,3.0
0.551,0.173,-20.512,0.0361,0.945,0.946,0.106,0.66,144.569,39siLD5lpEzG2UAomeBXog,151836,2.0
0.494,0.109,-23.56,0.0484,0.99,0.856,0.125,0.599,160.222,56oEzXpHsCLzfwVNJ5RIph,136000,2.0
0.29,0.37,-15.926,0.0593,0.886,0.91,0.112,0.134,99.573,5IT294DfagvTWUiDXFKjpO,640188,1.0
0.647,0.406,-14.45,0.0537,0.0247,0.898,0.107,0.81,79.443,3aYQfu8ftcL5T6BucutxD6,175072,3.0
0.477,0.431,-14.423,0.0344,0.611,0.951,0.107,0.92,101.016,0xLq0rbZ8sfEKfgMB3QSsF,178390,3.0
0.331,0.232,-17.72,0.0431,0.868,0.934,0.0973,0.0692,109.802,5K8BwPXLN7rdlYsPHFXrY3,555506,1.0
0.15,0.229,-17.426,0.0657,0.941,0.845,0.118,0.0793,65.121,3FTtol76FmRdVNRUO42csG,885000,1.0
0.0939,0.121,-18.803,0.0398,0.831,0.864,0.113,0.0389,74.079,0MN3erUzrHFyq9dS3lzpoX,1163160,1.0
0.494,0.109,-23.56,0.0484,0.99,0.856,0.125,0.599,160.222,6bqmG5ns0ZTUQdVWogwcaY,136000,2.0
0.673,0.241,-17.589,0.047,0.889,0.901,0.111,0.462,118.109,0BXXRtNtcujtoTWYORd65X,157778,2.0
0.365,0.385,-13.718,0.0469,0.795,0.888,0.109,0.179,111.273,2WqdefsY6H3FDtPOvLpaQX,564800,1.0
0.344,0.449,-13.955,0.0475,0.847,0.926,0.0977,0.28,108.559,4nme70lTDNLI3mdpKrnrO0,572360,1.0
0.502,0.443,-7.464,0.0516,0.731,0.0,0.0888,0.279,137.669,3k7ndd6utthRxNbt39Eohh,194147,3.0
0.392,0.156,-18.118,0.0385,0.953,0.956,0.0843,0.535,132.058,3ejpnLTJJeeMe2K7V95iIn,145467,2.0
0.165,0.224,-19.254,0.0559,0.921,0.906,0.091,0.0829,79.912,1uRbdaivScgsQwmgL8Gh4o,930227,1.0
0.717,0.461,-10.577,0.047,0.03,0.942,0.109,0.733,109.189,1Yc8HnBJbl6yElVrFhFjto,139714,3.0
0.379,0.132,-23.652,0.0445,0.924,0.885,0.201,0.337,115.736,2jxTnCytpoA8CUpUBwkXDN,225307,1.0
0.239,0.136,-19.361,0.0419,0.907,0.819,0.228,0.0533,139.072,5bjUHR5BpjSZIVA7589gje,980027,1.0
0.242,0.0064,-31.786,0.0476,0.984,0.000179,0.217,0.0768,93.856,1dAQYqVf3fCABL7nf3yo2T,236467,3.0
0.579,0.29,-14.684,0.04,0.00693,0.854,0.117,0.82,175.061,61pqHGvXoY63DAR12SXF3C,157222,1.0
0.291,0.0615,-25.065,0.0419,0.878,0.0513,0.174,0.285,91.505,5cwGpCmE26wvR2ohdgXxVt,271533,2.0
0.266,0.0925,-28.599,0.0496,0.968,0.0914,0.123,0.307,172.184,6SYmGnaXer7plAd1IZ4wbW,246667,0.0
0.31,0.0748,-26.288,0.0438,0.805,0.00213,0.551,0.407,164.45,0ZGC2bChSiuSPIGOvJ01i5,187587,1.0
0.156,0.0366,-28.693,0.0459,0.79,0.000151,0.348,0.144,85.314,0oe9JeKwkinjOw7qX6H34q,196493,2.0
0.409,0.216,-17.215,0.0388,0.84,0.895,0.108,0.527,156.831,5fG9P4WU9UoV9RKIIUWj1o,145450,2.0
0.504,0.45,-11.962,0.0392,0.76,0.903,0.108,0.843,154.125,4D5ipXsw7ZZmXyOFqkQCxt,208794,1.0
0.281,0.52,-10.034,0.0408,0.739,0.872,0.0885,0.254,105.934,3i0fv7LMmruqvMbaRMnKrW,591787,3.0
0.385,0.785,-7.561,0.285,0.226,0.0,0.113,0.52,90.905,1TPHpnCQLbyPffN1EXSu9p,229800,3.0
0.538,0.463,-14.745,0.0291,0.0175,0.921,0.129,0.524,83.859,0bXbSJIgnd4kuq7X1UkEz3,147278,3.0
0.596,0.442,-18.168,0.0468,0.228,0.918,0.0874,0.95,77.704,3gG3zR5WTJ5bo6ZnsVkwYs,137607,1.0
0.245,0.212,-17.967,0.0431,0.788,0.755,0.0883,0.065,95.8,5HepI6E5fM3MAYJNSCwphN,959667,2.0
0.43,0.296,-20.532,0.0357,0.985,0.0252,0.338,0.813,149.923,604ELPPFgbFlW0SHoEYVJw,72360,3.0
0.794,0.475,-12.277,0.0582,0.00706,0.7,0.204,0.964,126.198,3IsPC8zhCk5xc4CqpfKxV5,154853,1.0
0.331,0.232,-17.72,0.0431,0.869,0.932,0.0973,0.0696,109.802,1YfPknYyTUJkBPrLhLEqNa,555506,1.0
0.0971,0.0876,-19.221,0.0445,0.93,0.884,0.0932,0.0369,75.308,1a6lI5wiVGditty2m8clCJ,1213000,1.0
0.347,0.198,-14.196,0.0335,0.956,0.906,0.272,0.431,109.937,0FzbLlf3GuPzV5HzU72MiQ,353027,0.0
0.262,0.925,-6.247,0.0883,0.000608,0.00713,0.964,0.485,101.709,2nwnHQJCsnZsjabF69vzTx,278800,3.0
0.733,0.533,-11.367,0.0472,0.642,0.85,0.0762,0.922,105.868,1sS4ofQNz2krSHorMSxqdN,272000,1.0
0.31,0.433,-9.644,0.0433,0.734,0.866,0.143,0.337,62.424,4p2u8XJpRS8bGzBFaomAr9,147168,2.0
0.506,0.37,-11.476,0.0385,0.886,0.891,0.11,0.19,126.23,6ZHs3tFZ5r18Pr0Wc63yZg,162480,1.0
0.291,0.351,-15.951,0.0494,0.888,0.9,0.169,0.152,99.714,2jXJFfDELb6Q8xVmnV3ZYp,635000,3.0
0.828,0.293,-16.712,0.0625,0.725,0.0,0.328,0.924,115.79,6s9qCimqRT4Er1WEOk2UIM,202605,3.0
0.494,0.462,-9.411,0.0294,0.611,0.941,0.08,0.394,102.239,4qdcy0qFxoCsWLQ4rcV0A4,310613,3.0
0.344,0.498,-6.856,0.0319,0.254,0.000117,0.14,0.0763,146.206,2LUHE1tCp9LwQGGEzw9U3s,337720,3.0
0.704,0.419,-20.282,0.0472,0.405,0.912,0.0827,0.881,89.724,36EHK3PZ3LTw9L1WNZZwNl,190693,3.0
0.556,0.346,-11.469,0.0251,0.378,0.0528,0.101,0.228,87.392,53Yg1INiN5JfUtBGLbL8ur,184076,3.0
0.584,0.378,-13.847,0.0276,0.00201,0.755,0.0629,0.624,89.118,5Sgo2wv2HqULUoTlb4FN5Z,137795,1.0
0.193,0.0841,-20.479,0.0385,0.963,0.85,0.318,0.203,184.815,59GfxGiOT9JsFYedPNtVHv,441133,2.0
0.566,0.0365,-32.293,0.0993,0.811,0.0105,0.0804,0.433,151.851,5Mfqj8AwcWpmx4A56Qwnxw,209000,3.0
0.875,0.397,-9.702,0.0832,0.125,0.842,0.109,0.213,94.675,0aR3IkYZHL9MwKaNOMEa3Z,118819,1.0
0.084,0.069,-22.538,0.0447,0.91,0.85,0.31,0.0378,77.14,3xdaJeX7KK8opV3W1VYJRe,1392000,2.0
0.366,0.0656,-22.639,0.0397,0.977,0.89,0.122,0.371,176.929,3iRFiMxCHfYWY7Kc67yJCB,275347,3.0
0.492,0.897,-6.352,0.0638,0.0944,0.00941,0.166,0.93,101.461,7fFpKX0PXuHNE9QZHgDdC5,174120,3.0
0.75,0.667,-5.125,0.0505,0.161,0.0,0.0569,0.984,102.681,0BqmB5puDjLlPrCVyxo2MK,128187,3.0
0.357,0.952,-4.196,0.145,2.52e-05,0.0833,0.244,0.572,170.047,5aWASYP59JnRRD08mBCMTk,243040,1.0
0.182,0.0577,-26.776,0.0426,0.96,0.251,0.0829,0.0789,96.6,0GSlKmt3CBnEXjTsoizorJ,212000,1.0
0.277,0.111,-18.573,0.0346,0.957,0.875,0.0769,0.268,92.866,5FrA1BnRou2jZ8emu5KHJc,415427,2.0
0.553,0.325,-14.649,0.0746,0.514,0.9,0.339,0.782,167.518,2hJDBsKchSdWS5ZGT0nidq,186827,1.0
0.32,0.0893,-17.266,0.0363,0.937,0.748,0.164,0.141,130.452,2Hb9LPdItg18VbyZOxuYGC,663867,3.0
0.459,0.662,-12.643,0.0351,0.677,0.985,0.182,0.839,160.204,2ZFjdXaZbKg5LPYeCOzYEb,59560,3.0
0.647,0.406,-14.45,0.0537,0.0247,0.898,0.107,0.81,79.443,6YPcoF9bE68KjVDGpyogMO,175072,3.0
0.649,0.564,-9.02,0.024,0.0502,0.842,0.0258,0.962,95.023,57hGd0z8bQFVloAjbH5HAa,158733,3.0
0.477,0.431,-14.423,0.0344,0.611,0.951,0.107,0.92,101.016,7rJsf9fL0qBdSHxHfEOTcW,178390,1.0
0.27,0.314,-18.393,0.0485,0.847,0.914,0.061,0.15,98.272,1QfOKaD8YcsqsVEsD47e1g,610053,1.0
0.307,0.156,-16.168,0.0298,0.848,0.913,0.0907,0.377,98.512,5nutC7luTjw6sum1YefXig,417000,3.0
0.749,0.713,-12.406,0.0493,0.00427,0.928,0.149,0.345,120.03,6CIJxDGxECiAFB9Hl9TzCL,181023,1.0
0.314,0.401,-14.657,0.0459,0.776,0.879,0.0947,0.167,102.841,3YH6dC1qJjWxnPjotrnqNT,571733,1.0
0.212,0.135,-19.454,0.0404,0.856,0.896,0.0723,0.0504,140.297,2ib4zAMn2SPTv2s0pqkHh6,956827,1.0
0.354,0.427,-13.562,0.0565,0.878,0.89,0.0795,0.241,95.821,4EJpcm9X96J3ogQPxOskg9,632800,1.0
0.27,0.319,-18.484,0.05,0.853,0.902,0.0645,0.149,98.338,1q8XTjptrc7XLFePQ0RHo5,612173,3.0
0.664,0.635,-9.51,0.0314,0.000708,0.885,0.131,0.921,126.424,3vufFoHTAkvrZ0je0IvWgI,174295,3.0
0.345,0.66,-3.206,0.0306,0.211,0.0,0.142,0.847,137.898,5TdmgFgSW4AjVDJPS2odNo,173182,4.0
0.646,0.421,-13.677,0.92,0.334,0.0,0.439,0.788,145.029,2IeRk37jJaCIdfenrnFAp3,188166,3.0
0.368,0.715,-7.494,0.0333,0.000135,0.763,0.247,0.399,97.884,5nX0GrbW3BmZcBkpw8bu5h,139267,4.0
0.714,0.552,-10.485,0.937,0.414,0.0,0.515,0.595,112.618,5JCVQAJYXUmi0AGo3gk17H,180194,1.0
0.172,0.0952,-20.16,0.0376,0.962,0.864,0.525,0.184,74.075,6X4XUPdR5uzgjmQMvZfhyz,552227,1.0
0.32,0.0669,-20.725,0.0366,0.968,0.831,0.107,0.221,96.562,01rul7iDpkOsYUpuHYUspk,452293,3.0
0.472,0.807,-6.904,0.0321,0.00424,0.901,0.273,0.802,134.027,6dJVhvId2dckaBnudk0Ot3,175038,3.0
0.717,0.493,-10.199,0.0348,0.848,0.976,0.0399,0.872,115.534,2lgHxoEGR5AcXFWAA3i75O,116307,1.0
0.393,0.0904,-19.523,0.0595,0.965,0.031,0.161,0.114,99.088,5aL4zZqIcBsLMOMRpbtk3I,549893,2.0
0.496,0.183,-18.807,0.0354,0.986,0.847,0.146,0.757,141.027,70v59qyBHxSkr8YjhOWl2l,138387,1.0
0.274,0.0369,-22.406,0.0372,0.957,0.69,0.135,0.175,176.441,4QX079Wo0Bp2QcgO1ssIDb,610560,3.0
0.828,0.293,-15.34,0.0449,0.00073,0.812,0.112,0.666,105.491,6lzEjrThrnrB4tz0kuXJ32,169508,3.0
0.664,0.635,-9.51,0.0314,0.000708,0.885,0.131,0.921,126.424,206nwQwHUS770S3rmkSI1p,174295,3.0
0.614,0.65,-8.484,0.0296,0.245,0.98,0.171,0.89,154.553,0DV19GhcrYs0TD4wXRSpmT,81683,3.0
0.579,0.29,-14.684,0.04,0.00693,0.854,0.117,0.82,175.061,28gbtZLAi1tj87I90LHkEP,157222,2.0
0.643,0.326,-17.384,0.0346,0.883,0.826,0.118,0.773,132.004,7gbFBgVsSOdac2auJGNSYq,180297,3.0
0.717,0.461,-10.577,0.047,0.03,0.942,0.109,0.733,109.189,5pjPqx6LM8N2aOFqT7oHsL,139714,2.0
0.555,0.46,-14.663,0.0339,0.882,0.954,0.0497,0.532,103.675,6qLa3ANZ5pBz7xSXq8xdSE,222413,2.0
0.598,0.372,-15.772,0.0472,0.978,0.826,0.301,0.565,105.24,64IRKPzwaJ6MG572Vp3uF0,154680,1.0
0.199,0.0565,-27.026,0.0431,0.994,0.171,0.0985,0.0329,71.884,7H5AT5PHExnOAD0DPNAKF4,163400,1.0
0.113,0.056,-27.645,0.0459,0.994,0.54,0.102,0.0335,176.988,24yeoLrZL3rdmuOgyABIW0,175107,1.0
0.188,0.0234,-33.866,0.0415,0.992,0.757,0.101,0.033,70.429,1KuE0xlXQyrV7bGywIIh54,274467,1.0
0.331,0.232,-17.72,0.0431,0.868,0.934,0.0973,0.0692,109.802,4Gr2OwXKwsDMJ3B9qCsfCm,555506,1.0
0.252,0.167,-21.527,0.0395,0.813,0.921,0.107,0.288,114.371,2TdKXGwLErDLH6lean3iv6,331400,0.0
0.288,0.261,-18.109,0.0417,0.937,0.869,0.649,0.133,146.844,2sD5SfwtHqS1YvgCest8cF,468347,2.0
0.552,0.00645,-41.192,0.0476,0.893,0.793,0.195,0.32,125.951,1CqDsb7M7ZfWZjUkb17bJF,119267,1.0
0.147,0.463,-12.54,0.049,0.851,0.884,0.135,0.133,78.281,4STABf8RJpyoKfPRhiG3bw,932440,1.0
0.279,0.468,-16.131,0.0533,0.422,0.923,0.209,0.162,110.975,7qOmX20dAYib9GAg4687nL,120267,2.0
0.429,0.122,-22.612,0.0397,0.975,0.604,0.406,0.423,147.031,2FqnKEZbpsgwQaTZHCQW3V,146160,1.0
0.227,0.164,-21.03,0.0455,0.923,0.875,0.0971,0.0983,138.54,7gzZXFstqZYlw048iS0VpL,876853,1.0
0.325,0.0067,-29.804,0.0417,0.995,0.903,0.0895,0.114,71.5,3mdkQyyPL3HO5qUuTPXU81,142200,1.0
0.212,0.129,-13.657,0.034,0.929,0.77,0.0816,0.088,177.946,0RlrOg8aIn7ahpTXMTHe7n,720747,1.0
0.36,0.323,-11.48,0.0423,0.925,0.864,0.112,0.168,133.8,5Aawgr61W3BoeXHFhw5pvH,384827,1.0
0.341,0.171,-14.798,0.039,0.969,0.919,0.065,0.122,124.511,6fx55SOpRazmKqYqBDfP6B,385680,3.0
0.559,0.857,-7.691,0.0403,0.00909,0.729,0.331,0.898,129.442,08yJF4pQmewGWe31okhwW7,155202,3.0
0.815,0.764,-12.247,0.0384,0.14,0.912,0.09,0.787,95.588,6zOiL6wKbi7R1xUtaM1LGN,141713,2.0
0.642,0.0982,-18.11,0.0418,0.95,0.929,0.109,0.148,65.959,34xZ02YHLJm2b7LwhDDJkY,155767,2.0
0.315,0.148,-18.038,0.0395,0.747,0.809,0.106,0.142,179.053,6ZKvcQBvH3qdVrslowNW74,125543,3.0
0.396,0.429,-12.497,0.039,0.136,0.869,0.102,0.356,175.356,139MNorLVp7exK60godHrp,170265,3.0
0.67,0.784,-12.265,0.0601,0.444,0.926,0.207,0.965,153.318,6IeTWZweFLRPOXxAU83slA,108460,1.0
0.359,0.371,-15.781,0.0322,0.826,0.448,0.153,0.439,82.31,4R277YG9I3iw2Xn0ijUveI,192730,3.0
0.332,0.966,-9.234,0.0585,0.401,0.884,0.0534,0.67,189.824,7vcs047n8E4fruw3FvUft3,189700,2.0
0.706,0.236,-16.823,0.0728,0.876,0.871,0.155,0.53,116.916,2Itic2gTFPR2VEXnOoHtLE,150647,3.0
0.611,0.572,-6.117,0.0279,0.212,0.0834,0.114,0.65,87.105,0veisgIo3PMa8gcqW74VG0,162847,2.0
0.662,0.466,-18.043,0.0416,0.737,0.895,0.0953,0.821,112.852,4FYg3hIs6N6Z1HZdBCBENQ,157440,1.0
0.165,0.23,-13.036,0.0323,0.000292,0.948,0.109,0.152,140.46,3Cm0gwfjTHTpf7Kqp19A84,174800,3.0
0.791,0.532,-11.243,0.0848,0.0148,0.928,0.125,0.791,103.492,0LBxjfc67QWggj6D83kpEn,160659,3.0
0.705,0.318,-18.873,0.0448,0.0102,0.914,0.11,0.319,128.195,7DWluos5QyK4UN7YceOpxm,169795,3.0
0.521,0.551,-11.873,0.0748,0.00958,0.92,0.223,0.961,109.179,4KoWQENHKUlg9jNeUMYk9I,169665,2.0
0.373,0.209,-21.786,0.0336,0.87,0.903,0.0855,0.423,154.617,1wcSBHoPA2B2OcS36Io7LL,155402,3.0
0.66,0.843,-7.885,0.0461,0.0157,0.898,0.0507,0.956,108.553,0h3JNXnegiGGRiKCU9IStG,134258,3.0
0.555,0.393,-14.126,0.0751,0.024,0.909,0.0952,0.523,149.074,7zbFR0BvTeKb9AzghkRWYf,177135,3.0
0.485,0.57,-11.102,0.174,0.00467,0.00466,0.322,0.128,97.884,6tQNAPuCNDE2faIeNYyYBm,151547,1.0
0.317,0.117,-17.581,0.0347,0.961,0.607,0.309,0.156,78.22,2npli2MR0svATJRUwBMjve,838587,3.0
0.611,0.572,-6.117,0.0279,0.212,0.0834,0.114,0.65,87.105,2pzRaUEpnVW9rnhn5lkU5E,162847,3.0
0.486,0.723,-5.995,0.0419,0.127,0.574,0.316,0.819,107.364,3Vj1di7VHIRV7dRaY2tiwZ,144378,3.0
0.693,0.434,-9.333,0.0379,0.0282,0.881,0.112,0.175,192.07,2ofljuks7ATmKv3AC4nL2T,157022,3.0
0.538,0.463,-14.745,0.0291,0.0175,0.921,0.129,0.524,83.859,2nit7BZ89wyEDtF77TnPz7,147278,3.0
0.727,0.706,-6.986,0.0386,0.000539,0.904,0.105,0.189,128.645,7FPIWiBxtGD3HVQCKKJqSR,103600,3.0
0.559,0.857,-7.691,0.0403,0.00909,0.729,0.331,0.898,129.442,2a6Xta3SSZgVfGgPWlhaiR,155202,3.0
0.546,0.757,-5.356,0.0304,0.0274,0.00283,0.352,0.968,102.964,1Eq80FQZoR8yZarWlhZ6H3,110627,3.0
0.508,0.381,-12.225,0.0369,0.788,0.158,0.113,0.678,172.096,5eMJa7Y86hQwjdvJkqxqRJ,127720,3.0
0.623,0.898,-6.119,0.0621,0.0139,0.874,0.0942,0.0533,100.967,37GEoObPI2xpkoJ6y8EeVq,87641,3.0
0.239,0.27,-10.644,0.0416,0.74,0.04,0.0857,0.388,150.814,3YJCrfbviPAe03dtAWaoh8,178469,3.0
0.501,0.499,-9.864,0.0395,0.746,0.893,0.103,0.804,154.275,77BU0woMROhkrE9GI6rkhd,208771,3.0
0.601,0.353,-9.707,0.0267,0.117,0.88,0.116,0.374,83.437,0PNQuqPX0FwN5Xf0nNJz7R,191364,2.0
0.522,0.474,-15.171,0.0293,0.897,0.933,0.2,0.567,106.082,00dOaV68khvXpWjuovxBI6,167827,3.0
0.581,0.617,-12.971,0.0401,0.776,0.939,0.331,0.636,110.656,1R7w3UzcdVrojvjwhysImo,174493,2.0
0.431,0.395,-13.785,0.0337,0.914,0.937,0.292,0.747,115.472,4ysattp2uj58vym6BQGi9a,204333,1.0
0.164,0.0119,-29.18,0.045,0.989,0.928,0.124,0.151,63.614,3ceYSFtKn8jYH48fHFWS8z,264960,1.0
0.308,0.14,-20.653,0.0447,0.892,0.00517,0.148,0.368,136.933,07NsQVjC5CodpQLXskI4SY,500480,2.0
0.48,0.111,-26.662,0.0396,0.905,0.751,0.115,0.673,142.948,4Fns04ruip648hUPAHct1k,190000,1.0
0.307,0.175,-21.976,0.042,0.828,0.834,0.0959,0.226,96.863,132JBjKGv24gN1LpL4X0ho,235907,1.0
0.229,0.0885,-26.207,0.046,0.994,0.0316,0.0973,0.0338,79.554,2qQnJu5B1OxHjB8yJqO0aA,162960,0.0
0.606,0.671,-6.684,0.0423,0.575,0.0,0.801,0.78,91.115,0hStFLExoLzsAVg3n62Xto,370987,3.0
0.807,0.497,-8.997,0.131,0.136,0.51,0.0742,0.375,170.089,5Nl7tMwqnh5NzHePSYpJff,443294,0.0
0.215,0.805,-11.617,0.0496,0.664,0.00912,0.413,0.237,94.324,47R39zODaZHZ1ultS39SfG,93910,3.0
0.576,0.665,-4.86,0.0298,0.728,9.1e-05,0.171,0.946,107.748,4h8toTqY4AGsjV7nNAlkY3,225697,3.0
0.447,0.83,-6.579,0.0372,0.000191,0.252,0.39,0.374,94.975,0yIliXQC4oYdpYK6yQoklU,323200,3.0
0.498,0.485,-8.486,0.0344,0.774,6.92e-05,0.0791,0.808,160.642,4sZZ0DjokQvzuKIzfIum0V,197080,3.0
0.709,0.659,-11.886,0.0793,0.324,0.00033,0.0912,0.875,149.988,6V9OXuLDz5HRs0OSjMQV1p,243252,2.0
0.574,0.129,-15.034,0.052,0.975,0.0781,0.0985,0.193,132.027,0uAPvEHxQfNXnMAUnIzc2h,89113,3.0
0.368,0.976,-8.017,0.0666,3.13e-05,0.536,0.381,0.144,140.121,6ShNo6lVWtlrz1SwH91aDC,276067,4.0
0.702,0.62,-11.131,0.923,0.659,0.0,0.508,0.672,82.98,6h5PHsOCNQ4zHdjKOeOB66,195586,3.0
0.557,0.951,-4.061,0.0627,0.653,0.0515,0.34,0.754,116.352,55ICPR1ncqzs1iqkBlMdd2,183148,1.0
0.285,0.341,-17.131,0.0576,0.878,0.908,0.147,0.131,98.484,4tQlirY9aO9beBTSnWY2QA,629627,1.0
0.29,0.351,-15.951,0.0495,0.888,0.899,0.169,0.154,99.712,1EtfIiWByEpsWUFQuqG7nw,635000,1.0
0.29,0.351,-15.951,0.0495,0.888,0.899,0.169,0.154,99.712,082djQTzfsmLTImocl6ZKp,635000,1.0
0.29,0.351,-15.951,0.0495,0.888,0.899,0.169,0.154,99.712,70lFeGx9tUy6eJQgC2UoFx,635000,1.0
0.289,0.371,-15.923,0.0535,0.886,0.916,0.155,0.129,98.752,06EWVRbyAgw0UqnOr9jHvl,632613,3.0
0.0955,0.495,-7.86,0.0401,0.175,0.0024,0.0603,0.0727,181.694,5oxRYeyoASHv4RadJpu01G,136173,1.0
0.346,0.128,-18.576,0.0462,0.976,0.76,0.0767,0.23,90.571,0ZeCtzsVSeW7fe86jBVZcE,412000,1.0
0.377,0.447,-15.733,0.0515,0.698,0.752,0.0936,0.11,120.232,1WHdY0y258BMGZI92IVbjb,527600,3.0
0.574,0.565,-5.216,0.0398,0.621,0.634,0.158,0.915,180.021,7aDjuvLGYGRdYedgmS0mEB,143804,1.0
0.119,0.0025,-36.344,0.0492,0.927,0.951,0.0875,0.122,72.403,2OfwU0KGgC3eLNRASJK88w,115435,2.0
0.589,0.357,-15.77,0.046,0.979,0.841,0.301,0.557,105.208,1WmLTTqbuBo9V0JlNJI2Ov,154520,2.0
0.589,0.357,-15.77,0.046,0.979,0.841,0.301,0.557,105.208,4eK1yW7fb2dtch1dUmbMkm,154520,1.0
0.367,0.387,-13.652,0.0461,0.793,0.879,0.183,0.19,111.928,7DFAFjg9X8AjCgkkcAKN9t,555813,1.0
0.38,0.342,-15.793,0.045,0.91,0.932,0.0722,0.239,113.481,6b0xw8reaev6tJ3io2C0fx,548387,1.0
0.38,0.342,-15.793,0.045,0.91,0.932,0.0722,0.239,113.481,3A9RyAz7qJtdYpSfAt5oGU,548387,1.0
0.304,0.339,-15.473,0.0447,0.863,0.936,0.102,0.205,108.434,4XVanUXzmZ4sMafKw42776,570200,1.0
0.365,0.386,-13.718,0.0467,0.796,0.888,0.109,0.182,111.274,24YToibKBTkqL2zswhZKVU,564800,1.0
0.346,0.286,-16.796,0.0427,0.952,0.938,0.16,0.283,113.551,0PN22pCvLOfxi9jQEcihDn,537667,0.0
0.359,0.271,-18.327,0.0718,0.623,0.933,0.674,0.155,106.016,5FuWtddFpnYtscsHwYvQia,605811,1.0
0.359,0.288,-20.714,0.0722,0.884,0.888,0.277,0.205,103.032,1scmyN5bUljanJWCoBIXMf,614507,1.0
0.288,0.225,-21.139,0.0399,0.832,0.893,0.085,0.177,97.401,15oyl8STBCG3TL1AwvK59m,644520,1.0
0.356,0.433,-15.195,0.0573,0.827,0.947,0.0861,0.257,115.01,6xOhVe2h0W7OzSFmK7hoGX,528573,0.0
0.647,0.519,-5.918,0.0603,0.567,0.00721,0.665,0.968,162.599,4Wx6nAKyI67imaGLcoEFNw,202266,3.0
0.761,0.415,-10.49,0.0737,0.501,0.924,0.0602,0.949,159.863,4a8REVL5ufKukz5zQnI7Ej,200133,4.0
0.62,0.233,-17.215,0.963,0.587,0.0,0.244,0.494,69.259,1JzLN3HR8oF6yaXMaojrH8,188630,4.0
0.735,0.322,-17.39,0.961,0.61,0.0,0.164,0.46,83.553,1pVgewoEgARhHCqOp43O9g,186189,4.0
0.659,0.221,-16.786,0.96,0.578,0.0,0.69,0.406,94.04,5BRmt5bPra5MvbayGErIXy,185021,4.0
0.665,0.22,-17.009,0.957,0.55,0.0,0.337,0.34,96.403,1DF4HbvvLBD1w31UvAg9Tk,186821,2.0
0.752,0.22,-16.811,0.0865,0.991,0.834,0.0941,0.54,109.316,1MHsgtCCUWJsAPyriBqWlu,88895,4.0
0.694,0.222,-17.191,0.961,0.52,0.0,0.307,0.47,137.813,42ER7hHhauiPPIKx6GFNjT,193128,4.0
0.719,0.203,-17.156,0.957,0.538,0.0,0.242,0.54,122.193,09rPIOM0oCPpEMkZT2Y23k,186796,3.0
0.248,0.643,-9.56,0.0374,0.00626,0.0,0.0811,0.463,84.861,04YfhVNDhsSwil4EIE4Jlo,120092,4.0
0.717,0.255,-18.844,0.948,0.448,0.0,0.297,0.358,114.878,256zMpi8WHqd2pdtfE8sMI,902719,4.0
0.623,0.215,-18.587,0.955,0.582,0.0,0.131,0.464,81.098,0Rb2ssjApkfDC3xy2HctAI,234820,3.0
0.237,0.642,-9.552,0.0411,0.00718,0.0,0.0956,0.466,169.43,3r0ciwhwtwOz1evfSruCXn,120092,1.0
0.372,0.258,-18.636,0.0345,0.872,0.931,0.211,0.323,107.437,0sGhz5vUP2yvWQEZAckcPL,302040,1.0
0.365,0.257,-18.635,0.0344,0.873,0.938,0.21,0.326,107.277,4lM7SOQH1YUsFIHCQYu79S,302040,3.0
0.779,0.673,-10.686,0.275,0.0334,0.000142,0.0471,0.966,91.993,0nznTkBjTtAF1HAn2rfXhw,200594,2.0
0.578,0.221,-18.473,0.0356,0.972,0.916,0.0592,0.862,118.901,0hDuUrWKP6ZRyuqC77fgAr,192000,0.0
0.36,0.934,-12.15,0.0411,0.83,0.911,0.788,0.0399,89.511,1ztHox7pRQmH9O57N03xn2,141061,1.0
0.372,0.258,-18.636,0.0345,0.872,0.931,0.211,0.323,107.437,2v3Tajonx1NhghdRZ03suk,302040,2.0
0.441,0.15,-17.145,0.0324,0.974,0.94,0.13,0.507,165.262,6Q8yz7XATF9StLhaE6oaNB,287000,2.0
0.4,0.073,-11.392,0.0494,0.973,0.347,0.0614,0.223,162.635,1pYqSl2VqDxAMzp5TptpOh,171680,4.0
0.688,0.255,-16.564,0.956,0.41,0.0,0.456,0.436,99.397,4jduZLcUsSnYiK3N5DiWOS,196236,1.0
0.197,0.155,-15.329,0.0339,0.914,0.0,0.0773,0.316,74.112,735NLa3Wt3zPm0D2Gheh6p,205400,0.0
0.172,0.685,-7.658,0.0649,0.655,0.617,0.377,0.224,106.734,6cUCWyccn8TJzxvi4aPRiT,590665,3.0
0.279,0.528,-10.453,0.0379,0.000354,0.000983,0.363,0.323,96.132,0OufqZrQWWhK8fGMmAuBvd,171387,3.0
0.746,0.598,-6.185,0.298,0.00516,0.0,0.0974,0.35,156.911,3bN3P1Jvfo8Ps7UvV5vR1Q,97848,1.0
0.191,0.0064,-33.247,0.0392,0.972,0.973,0.0779,0.0377,66.629,4f9ISI1rekgT2vY3VXgxn0,75627,3.0
0.818,0.42,-12.964,0.0509,0.699,0.224,0.107,0.966,117.955,23YgcAgJxYsKY8LGSefI7k,108707,2.0
0.74,0.0407,-22.728,0.383,0.988,0.949,0.0864,0.366,87.901,0vzh0lRoetdI7q3JL88ZVZ,353453,1.0
0.339,0.368,-17.556,0.0639,0.861,0.908,0.0918,0.179,110.414,0lvjxi7Nu7FKHIhMrMYAlq,564160,1.0
0.275,0.331,-15.926,0.0411,0.853,0.917,0.0852,0.175,92.056,2i1TC8Oy5GBV6JYmxprRbw,638627,1.0
0.267,0.31,-18.812,0.047,0.845,0.918,0.0778,0.178,97.252,7pKxwx8xfgWwqPOhhwgHhM,614707,1.0
0.37,0.448,-15.733,0.0515,0.698,0.764,0.0936,0.11,120.21,4G4I2draK4wBhS8GrF3DRs,527600,1.0
0.232,0.306,-16.876,0.0431,0.823,0.891,0.0834,0.109,89.887,20iO8lkMf7sWLFSw9iHVvz,696613,1.0
0.277,0.497,-10.621,0.0395,0.734,0.881,0.0941,0.247,104.421,4Bzo1Pz1p721oSY74uSqAg,590520,1.0
0.269,0.319,-19.524,0.0498,0.772,0.897,0.112,0.175,91.451,3Tq4jqK6iRWhTEsVRYiqrv,642040,1.0
0.275,0.423,-15.318,0.0552,0.77,0.894,0.0957,0.16,91.901,6wwGwRq9TVwYliSMsnvWdY,644147,1.0
0.287,0.331,-15.926,0.0408,0.853,0.917,0.0852,0.177,95.54,2f1qYlugBbFCIvIDRSwN2v,638627,1.0
0.328,0.278,-14.456,0.0318,0.955,0.879,0.16,0.316,95.103,3EKntjPQBYNje8otREGC1J,363440,1.0
0.331,0.232,-17.72,0.0431,0.868,0.934,0.0973,0.0692,109.802,32bneEreCJpIF7o1Sp2tQs,555506,1.0
0.345,0.4,-13.015,0.0493,0.821,0.918,0.163,0.319,110.243,3bsiI5WU2CzWGy9Dbs24c2,570960,1.0
0.387,0.363,-14.579,0.0452,0.665,0.902,0.202,0.24,119.745,31SREenikvZosi1dc9tMPo,308600,1.0
0.306,0.312,-14.808,0.0356,0.838,0.894,0.0744,0.16,101.423,0kxrYhSw7MlLKevkg8gepb,594787,1.0
0.27,0.32,-18.428,0.0482,0.85,0.923,0.0725,0.163,97.916,2kZrVhe0nzJYVczusnn9wU,610667,1.0
0.369,0.256,-18.251,0.0442,0.87,0.697,0.111,0.148,108.729,2GP28tMr1E8EmruumxZn9c,599067,1.0
0.314,0.279,-14.496,0.0335,0.955,0.869,0.202,0.311,90.898,0Z8x6MfYwG1SbW1pqd1Wdd,363440,1.0
0.31,0.385,-17.437,0.0476,0.858,0.862,0.0845,0.152,113.858,5Qc3KxNa1xY8rpMxLPjhcr,546427,1.0
0.28,0.497,-10.623,0.0395,0.731,0.88,0.0941,0.238,105.331,6T0mP0aa8fWdi6hdvjkvFF,590520,1.0
0.267,0.314,-18.463,0.0473,0.85,0.929,0.0782,0.163,97.525,55GGlyKKIMwz6NUFnABx3a,609773,1.0
0.341,0.247,-19.154,0.0417,0.67,0.907,0.114,0.187,112.396,4hkyGW3c7VN9Zlsl02ah16,554400,1.0
0.306,0.315,-14.099,0.0398,0.906,0.885,0.0848,0.179,96.013,6vzTBScISulxUayrGPPT3q,617533,1.0
0.342,0.364,-11.315,0.0382,0.624,0.882,0.114,0.254,91.399,5Vr2Ra32jyhrUU0FgMVOie,630480,1.0
0.334,0.32,-18.249,0.0633,0.684,0.887,0.0931,0.227,115.168,4ErtzRFSTRMUlFf8mZNlm3,528467,1.0
0.162,0.00508,-39.673,0.0442,0.898,0.00844,0.0592,0.069,131.733,1pdQiEstou5TQ70dvfy9e8,528893,1.0
0.307,0.306,-14.871,0.0351,0.849,0.915,0.0779,0.178,102.408,2P3nbJh4oEhcjq3ew1EjcF,587627,1.0
0.317,0.428,-15.603,0.0484,0.864,0.851,0.0917,0.176,113.893,0PX8snN8aQLPugKwjEdL6c,548147,1.0
0.331,0.232,-17.72,0.0431,0.869,0.932,0.0973,0.0696,109.802,3OJEslkTZROha8XS8PHxFs,555506,1.0
0.331,0.232,-17.72,0.0431,0.869,0.932,0.0973,0.0696,109.802,5SXxyVFBUG7pCLrqJcxGMu,555506,1.0
0.338,0.419,-14.139,0.0459,0.968,0.903,0.0991,0.334,112.09,3cUNAI5lEpjlSpAhyFiZWC,534080,1.0
0.291,0.389,-14.413,0.0353,0.803,0.936,0.0964,0.223,96.99,3ODjO7MdKzrIrqabj0HT6j,645000,1.0
0.314,0.279,-14.496,0.0335,0.955,0.869,0.202,0.311,90.898,3XvyMCnyjsE8TlRG82Wct7,363440,1.0
0.331,0.232,-17.72,0.0431,0.869,0.932,0.0973,0.0696,109.802,0BPYopuxWJwvs7hs64Insv,555506,1.0
0.277,0.497,-10.621,0.0395,0.734,0.881,0.0941,0.247,104.421,15pU4edeEMqM9BavQz2NVx,590520,1.0
0.277,0.497,-10.621,0.0395,0.734,0.881,0.0941,0.247,104.421,0C2K9hHKfApNNs8HeO8AjH,590520,1.0
0.277,0.497,-10.621,0.0395,0.734,0.881,0.0941,0.247,104.421,2GenjB2YPgMvFnyKwfFF7a,590520,1.0
0.306,0.306,-14.869,0.0355,0.849,0.917,0.0779,0.177,102.515,6lGyG0rSS4gfpMXvNT6nNw,587627,1.0
0.203,0.307,-16.836,0.0447,0.833,0.901,0.0774,0.118,80.495,65Ud9pGq6vpyudHMK6LSOb,694467,1.0
0.281,0.383,-14.418,0.0361,0.802,0.934,0.0983,0.198,94.549,3uAM1bBKMkLZ3KvCXPL9u3,645067,1.0
0.331,0.232,-17.72,0.0431,0.869,0.932,0.0973,0.0696,109.802,2RV0mXoPnPurk7D9NbUk8d,555506,1.0
0.393,0.339,-16.127,0.0501,0.805,0.906,0.121,0.148,105.385,60dmTOC8TAJQFWFc2Mmkai,556200,1.0
0.291,0.389,-14.413,0.0353,0.803,0.936,0.0964,0.223,96.99,6UjlaDHKFinSXRn0TuUhyi,645000,1.0
0.331,0.232,-17.72,0.0431,0.869,0.932,0.0973,0.0696,109.802,1163QAEpUpXiZhVl5BvEy4,555506,1.0
0.268,0.363,-14.577,0.0372,0.894,0.93,0.0891,0.177,88.004,6VIBOLJgS3eMJDlb84mips,646093,3.0
0.732,0.543,-11.05,0.0315,0.0826,0.761,0.225,0.832,116.636,387ay9YZ8SjuTpuMqYog4k,166800,3.0
0.34,0.748,-12.657,0.0463,0.00111,0.924,0.21,0.308,87.737,3BrT9XDAalS5nGaY7eYbGj,142733,4.0
0.666,0.24,-14.699,0.933,0.873,0.0,0.124,0.476,111.807,1hpihub35iQ3P9VGr6d5NX,186000,0.0
0.223,0.714,-11.956,0.0464,0.539,0.687,0.528,0.228,93.725,1YdcfhzsMRoVhjLFP27hP5,114077,2.0
0.461,0.0136,-30.832,0.0508,0.987,0.693,0.098,0.373,113.088,0rqIL6SCa9HC6nEENrgAnb,156000,2.0
0.468,0.0147,-33.493,0.0609,0.981,0.0722,0.166,0.367,112.847,1Kpjgq7J8mtXbc7UO7o7Ft,118667,3.0
0.757,0.881,-5.862,0.0997,0.000545,0.0763,0.0822,0.436,128.015,2BMQgIsccEII0Z0voQrywJ,305653,2.0
0.394,0.208,-21.428,0.0388,0.961,0.949,0.161,0.378,74.825,63dxDBA9vuAO9dajJCq9sK,65400,4.0
0.69,0.115,-16.746,0.933,0.35,0.0,0.254,0.51,87.29,3vmFWqLDRGlfNJAcEzSU6e,195400,2.0
0.506,0.0249,-25.449,0.115,0.995,0.889,0.109,0.315,138.431,5SLa02u8z9TAUJjub2SoQq,171587,3.0
0.279,0.654,-7.406,0.0392,0.000613,0.917,0.178,0.115,144.165,2w842adR26MijCEolBIVD0,186667,3.0
0.697,0.51,-9.377,0.0405,0.557,0.448,0.0891,0.36,81.572,3N7exu0e7pcM3wD7sPPofk,100123,1.0
0.406,0.443,-10.275,0.0342,0.875,0.953,0.0974,0.103,90.117,0OUE7DndGJ8TFkcnPPnbhs,170000,0.0
0.389,0.31,-15.783,0.0584,0.928,0.885,0.693,0.266,119.459,6s74cwR7X0n5PSG4j7CZiS,565188,0.0
0.24,0.137,-20.121,0.0461,0.95,0.741,0.698,0.143,182.125,5Om2n1IS34uBa7CHWhQDGy,478960,0.0
0.389,0.31,-15.783,0.058,0.928,0.885,0.693,0.267,118.796,3AaigiKUcdsNGtolNPUugP,565188,0.0
0.366,0.322,-16.515,0.0506,0.899,0.911,0.662,0.218,106.803,6Da0wQV7wP5I2EnOlGvDrn,574120,1.0
0.288,0.209,-20.987,0.0482,0.847,0.88,0.0983,0.172,97.804,7jvoAQdiF4vBcWpGdcfGAw,624293,0.0
0.313,0.295,-16.559,0.0584,0.696,0.933,0.669,0.156,107.324,0GjskQ4gGLGWtKV3X6zvN2,605200,1.0
0.345,0.128,-18.576,0.0463,0.976,0.76,0.0767,0.23,90.405,6IVSNnXBzC4VY80aj19kCT,412000,1.0
0.345,0.128,-18.576,0.0463,0.976,0.76,0.0767,0.23,90.405,6CqswZYPHeO4l001uWK8jo,412000,0.0
0.507,0.139,-16.963,0.0414,0.974,0.844,0.666,0.34,92.526,4vLtFC7OkI14AirIoGBS31,271933,0.0
0.314,0.295,-16.559,0.0579,0.696,0.936,0.669,0.156,107.339,6xNV82LZ9kEW37gE3Q3BJB,605200,3.0
0.81,1.0,-14.852,0.0819,0.00015,0.953,0.0544,0.201,124.979,4QLmpUaZbV774d7ifdHSUr,122932,3.0
0.33,0.512,-10.917,0.0405,0.199,0.755,0.148,0.111,80.268,7MTQI1FOmyE3YVJl9tBCeC,27325,2.0
0.732,0.0493,-22.724,0.269,0.992,0.936,0.0733,0.383,107.523,4fvb5pHMov8NWoQZo37CLg,297240,2.0
0.63,0.124,-21.783,0.125,0.99,0.948,0.0891,0.511,87.581,1KwYBeBjxcJ9n31UxsL9ie,187267,2.0
0.622,0.0735,-22.137,0.197,0.991,0.921,0.0857,0.393,138.639,2tFVDygaOVFWObcfqFxthQ,234867,4.0
0.698,0.358,-14.356,0.953,0.76,0.0,0.756,0.812,103.644,7BflWc6BSM7dmzXC4jJR8i,211500,4.0
0.696,0.315,-15.576,0.964,0.716,0.0,0.353,0.673,73.501,7fOIgTBO1xCQunzOFELu1I,189200,4.0
0.706,0.261,-15.879,0.96,0.782,0.0,0.427,0.737,131.843,2kvDGbddgTeU0TlFAlNU6v,187300,4.0
0.718,0.267,-17.231,0.954,0.702,0.0,0.339,0.762,124.501,3M16dyXP78Ndcvhnr4rybG,189200,4.0
0.712,0.282,-16.627,0.961,0.641,0.0,0.122,0.674,127.829,50VdmUh1Hs2WFEVCEOE6BA,189160,4.0
0.67,0.242,-17.395,0.963,0.629,0.0,0.44,0.64,61.588,6BJxK2y9GCOqP7L9SG4mX6,185798,3.0
0.613,0.736,-17.279,0.0337,0.0032,0.785,0.175,0.296,99.988,1FFZ8XjDyf2qd6IkS6WfL3,235299,2.0
0.467,0.134,-24.383,0.0399,0.99,0.827,0.0647,0.545,153.875,0lFQXeRELEJoKLohP3fjZv,76573,2.0
0.665,0.211,-13.434,0.0654,0.985,0.851,0.0999,0.526,115.809,1au8e1S3mPVydsXklFBKVl,85864,3.0
0.626,0.607,-4.268,0.0283,0.0566,0.903,0.1,0.103,91.715,0R23hM98fmpQoXFlj7nH1u,238733,4.0
0.707,0.267,-16.689,0.96,0.657,0.0,0.576,0.638,130.624,2EZ12T9YMqR5p1U3ja0B4d,211100,2.0
0.616,0.128,-17.778,0.0606,0.98,0.883,0.0779,0.943,85.407,0eHhN4yTJU9OyHqXi0q1Gv,96894,1.0
0.498,0.0375,-22.98,0.0691,0.994,0.883,0.203,0.126,107.773,2Mpi5aFOpGt9o5POJUAQQq,533547,1.0
0.511,0.00844,-29.86,0.0587,0.995,0.923,0.084,0.0554,137.942,5OKkeUWbdU2qOJgINGsguy,499000,1.0
0.415,0.229,-19.985,0.0423,0.977,0.907,0.103,0.168,123.082,2SU0IWQylg3IvOqGKFk2pd,520286,1.0
0.549,0.0372,-20.175,0.0808,0.994,0.938,0.119,0.0485,95.431,4X65AJo1ICSz4QPgWsLgg3,612107,3.0
0.428,0.75,-8.344,0.0374,0.0026,0.0309,0.0763,0.423,119.884,5BBv4RkoXb8vGqdOFaAkmd,164000,2.0
0.417,0.112,-15.476,0.0437,0.951,0.452,0.146,0.458,101.075,5u0JIgvgZVBcyAYMIs3xVR,159067,2.0
0.454,0.169,-20.706,0.0323,0.979,0.767,0.125,0.594,76.625,4IkUYZoEc6AHb7bF2wqlrg,121720,2.0
0.597,0.114,-21.002,0.0757,0.991,0.924,0.0678,0.257,77.517,5onqo86T25NAXgIfPuEUet,75200,2.0
0.464,0.169,-20.706,0.0315,0.979,0.767,0.125,0.589,76.256,2JiVhquXbMGmlMKdNJvJpF,121720,2.0
0.252,0.000731,-43.135,0.0471,0.803,6.77e-06,0.0826,0.0999,128.416,6kE4vMX8NMO5gqLqMgfCtr,105560,3.0
0.075,0.612,-9.742,0.0593,0.0148,0.00289,0.127,0.319,180.276,6s2BbKhwwxcc7ngpex3f8J,265347,0.0
0.371,0.753,-7.045,0.0656,0.0399,0.399,0.59,0.481,95.775,2SfMqMFDaiczVLu7ZDBc9X,180663,2.0
0.532,0.0887,-23.777,0.0353,0.982,0.882,0.175,0.737,100.167,4oj01PsHyaz6wgNHz4ZEhM,170040,1.0
0.38,0.0256,-22.65,0.0452,0.992,0.917,0.104,0.121,108.485,4aiZibNVkOAsjC1pNaG1qx,412107,1.0
0.471,0.00349,-26.275,0.0872,0.994,0.932,0.108,0.069,97.126,6qrN0tjw79aZVbS7HnYc4Q,616466,1.0
0.102,0.191,-19.929,0.0363,0.283,0.911,0.125,0.0702,73.432,5czS2YGCSug3eFf5sL5rXS,678507,1.0
0.437,0.00469,-25.829,0.0676,0.993,0.873,0.0475,0.0894,76.149,14S7PDjsxfcw4rBoeg7tAT,715372,1.0
0.348,0.0297,-21.965,0.0413,0.99,0.89,0.105,0.119,101.585,6h7L4g99vxp2ceasI15fMY,384375,1.0
0.44,0.00472,-25.853,0.0641,0.993,0.871,0.0475,0.0864,76.299,7I1UO7zTXfrq913X66VVpd,715372,1.0
0.349,0.0297,-21.965,0.0413,0.99,0.891,0.105,0.118,101.896,0HPrTHEscfsJ2IwMfOWSjf,384375,1.0
0.222,0.00617,-27.705,0.0604,0.992,0.881,0.149,0.0748,70.792,51EzQFk8LcNTmNSyr1ms3X,519066,1.0
0.38,0.0256,-22.65,0.0452,0.992,0.917,0.104,0.121,108.485,2zPQcWpAvLAgzg3keYn4AQ,412107,1.0
0.348,0.0297,-21.965,0.0413,0.99,0.89,0.105,0.119,101.585,3dOapMbZ3eMKUops5jNpUx,384375,0.0
0.421,0.0849,-23.377,0.0295,0.958,0.644,0.65,0.447,95.17,2FqHhxRf2RcNEoRVtAOICd,213427,1.0
0.348,0.0297,-21.965,0.0413,0.99,0.89,0.105,0.119,101.585,2P2Ybsu7ox8lRoNujXpB7j,384375,1.0
0.484,0.271,-13.843,0.0434,0.976,0.575,0.118,0.59,115.77,2GNPTgiNw8JjuXKEAeS95n,517240,1.0
0.437,0.00469,-25.829,0.0676,0.993,0.873,0.0475,0.0894,76.149,5qJxXWvJbEk2IzN5Vc3Fxx,715372,1.0
0.465,0.00349,-26.275,0.0891,0.994,0.93,0.108,0.0694,95.891,7cGPG7BW9Jjg45bAxTvYK8,616466,0.0
0.421,0.0852,-23.393,0.0293,0.957,0.644,0.65,0.472,95.173,5WJDFaVlhgiKMVD1fvMZxs,213427,1.0
0.282,0.407,-14.171,0.0455,0.814,0.868,0.173,0.15,110.225,4QMExCSMvwcjMTKFp9wA7W,611533,2.0
0.441,0.151,-17.146,0.0324,0.974,0.941,0.13,0.506,165.261,7rkldbUIBY0fFvfCZubImY,287000,1.0
0.314,0.401,-14.657,0.0459,0.776,0.879,0.0947,0.167,102.841,3NRc5ZuVNEPHpm7QC4q7bg,571733,3.0
0.644,0.728,-7.044,0.531,0.121,0.0,0.0798,0.665,115.551,2u8cazMzTBkSaWUW2idYbQ,103500,1.0
0.317,0.396,-14.679,0.0465,0.771,0.918,0.0997,0.169,103.409,6YlVMtLnMD5xIB5kydWuEP,571733,1.0
0.316,0.399,-14.832,0.0466,0.771,0.927,0.0988,0.186,103.352,3AlO2kfztAdnjSleiqF1c6,573667,1.0
0.315,0.456,-12.748,0.0449,0.847,0.94,0.0751,0.211,102.412,3P48OZrP47JlhqTGfIQVbW,577000,1.0
0.314,0.401,-14.657,0.0459,0.776,0.879,0.0947,0.167,102.841,2KaT9udBJ69dAp3unZI1dv,571733,1.0
0.314,0.401,-14.657,0.0459,0.776,0.879,0.0947,0.167,102.841,2vb97vFnQ18rrkT2jDxRu3,571733,1.0
0.314,0.401,-14.657,0.0459,0.776,0.879,0.0947,0.167,102.841,3U0ZlLcXPlscurNF4JlYEl,571733,1.0
0.314,0.401,-14.657,0.0459,0.776,0.879,0.0947,0.167,102.841,4LnT4Y1PLjhReT21JEMbIl,571733,1.0
0.315,0.456,-12.748,0.0449,0.847,0.94,0.0751,0.211,102.412,4ZWFNOe6RUHeQOkkcpctd7,577000,1.0
0.314,0.401,-14.657,0.0459,0.776,0.879,0.0947,0.167,102.841,1nxyG6hUwMKadl1eSxuk3E,571733,1.0
0.314,0.401,-14.657,0.0459,0.776,0.879,0.0947,0.167,102.841,2X4sQxixX7NXnvLPmD6Oui,571733,4.0
0.681,0.289,-13.952,0.952,0.152,0.0,0.339,0.489,84.105,17rMlWbAiWVwRCfeEfJkp0,186800,0.0
0.205,0.527,-11.691,0.0435,0.0257,0.322,0.455,0.161,177.327,0iKdSMAr70smS0nmHzoWE1,300893,1.0
0.315,0.456,-12.748,0.0449,0.847,0.94,0.0751,0.211,102.412,15jJ6fGO5zXPUlQngOBM6Z,577000,4.0
0.722,0.269,-13.985,0.905,0.238,0.0,0.197,0.389,120.076,3xH25CRpWbk4qic2SAEgL3,223100,4.0
0.701,0.231,-14.8,0.955,0.145,0.0,0.165,0.306,72.129,7ocgz4qkTtcJI1sxfnCaEm,192500,4.0
0.634,0.252,-14.331,0.956,0.171,0.0,0.0928,0.39,167.047,3VkayxOoAo24hWlaszPFEY,185200,4.0
0.611,0.354,-16.726,0.966,0.698,0.0,0.447,0.581,67.257,5vAfF8mjxOETnriXpSFHvF,187433,1.0
0.314,0.401,-14.657,0.0459,0.776,0.879,0.0947,0.167,102.841,0QdqNANu6QipfmnvKsXQYR,571733,4.0
0.634,0.287,-14.136,0.945,0.279,0.0,0.0677,0.647,83.52,3fSfkPyY0ZcvKFfILn0cRA,216400,4.0
0.658,0.376,-13.56,0.952,0.747,0.0,0.147,0.412,92.67,5c3eo38RwkBIEsZKJcNTiv,198120,3.0
0.759,0.836,-8.319,0.0769,0.00991,0.201,0.599,0.656,128.093,5SbOzxYFZUo7K6xbQNYU1Q,273619,1.0
0.252,0.167,-21.527,0.0395,0.813,0.921,0.107,0.288,114.371,6VU7fG4Qts4aU9Giq2xs4t,331400,1.0
0.411,0.297,-16.972,0.0452,0.846,0.858,0.155,0.286,127.026,3s5JL7EFYw0zz3VIM9pGrS,295293,1.0
0.407,0.306,-16.922,0.0461,0.845,0.801,0.118,0.293,126.686,0rQUzCf7GniWB6dzqkABXc,302000,1.0
0.318,0.168,-20.865,0.0391,0.877,0.912,0.122,0.278,115.423,1XniRMiL1b65qkRalnx1Vg,322000,1.0
0.318,0.168,-20.865,0.0391,0.877,0.912,0.122,0.278,115.423,1xJ2bGIIHRh0HPF4wxFv9T,322000,1.0
0.407,0.306,-16.922,0.0461,0.845,0.801,0.118,0.293,126.686,19pTTHIPFAPS6b1KvwxG1d,302000,3.0
0.736,0.858,-12.658,0.0952,0.0152,0.6,0.222,0.592,111.071,5xQRPpB5nEhF1SRbCZI0ck,111493,2.0
0.741,0.324,-16.029,0.0432,0.933,0.893,0.108,0.563,113.581,6YsxpajcQfjPHYic2BtJY7,137413,4.0
0.67,0.165,-16.015,0.884,0.51,0.0,0.127,0.144,86.12,6yPYwaTHne0wCWcCk8HiAK,277493,3.0
0.817,0.763,-2.981,0.0319,0.648,0.0,0.119,0.753,109.779,0vhWe4WaqomLS8evZmOa85,215267,1.0
0.382,0.182,-18.367,0.0444,0.977,0.938,0.0617,0.227,105.297,3p3x17FrZkZP75WeydIfLo,432827,1.0
0.471,0.0208,-25.358,0.0509,0.995,0.913,0.137,0.0455,134.078,06qUAA3Fxx340yEXTdcc0h,501240,1.0
0.511,0.00453,-23.35,0.0686,0.995,0.924,0.161,0.0722,112.512,5jBgtCLLLvQfZK2pg96ymn,539353,1.0
0.498,0.0373,-22.98,0.0679,0.994,0.882,0.203,0.125,107.391,6cRBpfBpKoQe8wvS8b6EhZ,533547,1.0
0.429,0.102,-18.471,0.038,0.988,0.879,0.224,0.124,91.915,3qxQBubJ2cBogX9AbRZNbb,311333,2.0
0.366,0.0656,-22.639,0.0397,0.977,0.89,0.122,0.371,176.929,0JxFAd3GaUzUuUaOYhaVtz,275347,1.0
0.419,0.241,-15.898,0.0433,0.976,0.757,0.118,0.467,71.299,2OYnPjOrRRsIEtOhdPirww,230866,2.0
0.367,0.0657,-22.639,0.0394,0.977,0.888,0.122,0.371,176.799,16gQTDLjoBezD539dqulIi,275347,1.0
0.376,0.0208,-25.358,0.0577,0.995,0.913,0.137,0.0453,59.369,3GyUbCXHFSZXiPd2EkZlfW,501240,2.0
0.681,0.318,-12.879,0.0385,0.806,0.833,0.0859,0.935,146.802,3mGyaJFa98ik6ovIh4Fdgs,216600,1.0
0.532,0.00844,-29.86,0.0592,0.995,0.923,0.084,0.0545,128.21,0tsZBXxEC1060MNiETuHZ0,499000,1.0
0.327,0.192,-22.898,0.0546,0.623,0.889,0.117,0.0852,106.886,1rFT9uKFOfvuSB020xKCbP,574467,1.0
0.182,0.316,-18.681,0.0584,0.794,0.872,0.13,0.17,159.273,7lqNm1d0a9XE9FKNgrL1OA,156723,2.0
0.616,0.392,-12.914,0.0289,0.948,0.888,0.092,0.885,163.952,48Bbz8zJHz5rWqbL4j7Z7X,95671,0.0
0.572,0.237,-21.32,0.0338,0.887,0.97,0.732,0.68,137.198,4YzUzd1TV6uNqaBkVdCUSk,113000,0.0
0.574,0.242,-21.293,0.0333,0.899,0.953,0.676,0.658,137.264,7p9vFYrTbn92g8MLl2tho1,113000,0.0
0.574,0.242,-21.293,0.0333,0.899,0.953,0.676,0.658,137.264,2jEGURGKjBxyH3yTDQx3bb,113000,0.0
0.574,0.242,-21.293,0.0333,0.899,0.953,0.676,0.658,137.264,614SOOlMpUhonHcbXu4T6M,113000,0.0
0.574,0.242,-21.293,0.0333,0.899,0.953,0.676,0.658,137.264,628Cdw3h2cYr9jp6SyIucE,113000,0.0
0.574,0.242,-21.293,0.0333,0.899,0.953,0.676,0.658,137.264,1Tv0BrKBWOm5ZNbMFe3rPP,113000,0.0
0.574,0.242,-21.293,0.0333,0.899,0.953,0.676,0.658,137.264,2IznAWsyNYXsQUbSatGedC,113000,0.0
0.574,0.242,-21.293,0.0333,0.899,0.953,0.676,0.658,137.264,5jfQlzIw31RFS2cw0ms2SC,113000,0.0
0.574,0.242,-21.293,0.0333,0.899,0.953,0.676,0.658,137.264,1r4tgNz8AK2iu0FsgQeqGq,113000,0.0
0.574,0.242,-21.293,0.0333,0.899,0.953,0.676,0.658,137.264,3PA0SdFu2RKY1VfyPHnPRy,113000,0.0
0.574,0.242,-21.293,0.0333,0.899,0.953,0.676,0.658,137.264,0vXzFHAX3bXoFN2X8o09O2,113000,0.0
0.574,0.242,-21.293,0.0333,0.899,0.953,0.676,0.658,137.264,2WTgonpCXh5L7TXZhPQb4L,113000,0.0
0.574,0.242,-21.293,0.0333,0.899,0.953,0.676,0.658,137.264,6oxJCZ65c2lm97EbGBhxWO,113000,0.0
0.574,0.242,-21.293,0.0333,0.899,0.953,0.676,0.658,137.264,30lDucCVcGzXdyeVAglAky,113000,2.0
0.47,0.0402,-23.902,0.0458,0.989,0.899,0.156,0.173,102.217,6JiLVx2lWvGvaUC6Gqjg7F,144000,3.0
0.813,0.673,-10.094,0.0397,0.712,0.853,0.17,0.964,125.365,6Kzb8CJo0Z1OpcjNzoTGTS,154093,0.0
0.574,0.242,-21.293,0.0333,0.899,0.951,0.676,0.658,137.268,44QiStPIdBKl7upBlbXRPj,113000,0.0
0.574,0.242,-21.293,0.0333,0.899,0.953,0.676,0.658,137.264,5Z5HBZ3O4hmPhnWmJVzQbM,113000,3.0
0.402,0.834,-7.668,0.09,3.16e-05,0.0,0.226,0.502,95.767,0fFPoYyP7LlTbDgSO8Pbk6,210913,3.0
0.272,0.663,-8.73,0.0382,0.269,0.0848,0.268,0.185,91.36,0WOW6cHsvGisQaCkjVHBa7,138373,2.0
0.848,0.635,-27.418,0.0437,0.53,0.538,0.114,0.221,133.621,6daTE9eqQMrBC5JrZzgi9F,32426,0.0
0.476,0.678,-12.664,0.0809,0.631,0.855,0.708,0.733,83.075,3xM2EEid3lHZCEfgQiwwQj,308067,3.0
0.799,0.839,-25.742,0.128,0.499,0.648,0.112,0.0382,135.394,7G2Dd89SswY4rR8YYJpxm7,35941,2.0
0.565,0.255,-15.659,0.0367,0.58,0.89,0.0604,0.258,119.886,35igZNJfUL8pzY7aG3FntL,115760,2.0
0.602,0.0304,-19.767,0.0501,0.992,0.897,0.128,0.29,114.964,2lXinnE4ZeTDJ0tOoTqkaF,91640,4.0
0.707,0.323,-14.607,0.897,0.574,0.0,0.164,0.781,131.083,1ne1WWavG53UCUfQyzCyPP,521227,3.0
0.469,0.869,-4.431,0.0549,1.2e-05,0.13,0.121,0.387,104.084,2Z5G3YZqGneUKljo25fNXD,229750,3.0
0.847,0.635,-11.115,0.0669,0.179,0.0816,0.0815,0.804,119.505,6pCflIcZQ3AoSvayjlAksE,226107,3.0
0.37,0.672,-7.639,0.0579,0.469,0.831,0.0854,0.512,98.689,5Q7tQJjvALixZ2XujG1CR3,216307,3.0
0.169,0.752,-13.027,0.0632,0.00145,0.455,0.0635,0.252,178.914,4wRiX1xP2m2OOlwzAk2Lpx,140293,2.0
0.51,0.131,-22.109,0.0407,0.99,0.864,0.12,0.532,120.584,4BzA4Rlve6DAhc3OwxiRj7,101307,2.0
0.444,0.0997,-18.781,0.0415,0.988,0.922,0.121,0.373,143.227,3fWiudC37jLkjWbYby4rHv,374840,3.0
0.544,0.252,-12.698,0.0349,0.567,0.0279,0.122,0.198,74.126,2fgX9VqxoORB7YOYb1Lmzr,135947,2.0
0.445,0.0997,-18.781,0.0415,0.988,0.922,0.121,0.374,143.244,5dywIBRTfeTgPAYc2bE8cY,374840,3.0
0.334,0.988,-4.923,0.118,1.54e-06,0.871,0.203,0.0362,91.141,00zVcLbaIFSdXdIScpa2JX,93693,3.0
0.678,0.496,-12.701,0.0426,0.934,0.904,0.186,0.965,98.779,2V8DEm5YHoyily6QIPyxl9,265120,2.0
0.578,0.0459,-30.168,0.0629,0.893,0.864,0.103,0.526,130.948,5nUNjGINv8zbsd1cDA8nO8,126507,3.0
0.575,0.738,-10.405,0.0357,0.00814,0.24,0.244,0.764,118.027,6kLBPWrvwVOBcmvBK32KUA,224492,3.0
0.635,0.406,-12.135,0.0253,0.892,0.26,0.298,0.924,164.087,5iLwGdeoEJwayHrc1eVGY9,97683,3.0
0.446,0.189,-18.192,0.0273,0.282,0.00281,0.184,0.396,82.037,0d78V0Wvbny54xEdGOTOfI,133627,2.0
0.524,0.0458,-24.878,0.0599,0.996,0.897,0.168,0.298,101.822,3SSNqwQDueUE0r2xRAF2JC,173666,3.0
0.68,0.973,-4.039,0.0569,2.07e-05,0.658,0.105,0.176,127.984,0AthhPTTw5TucxnXqtmLio,349878,2.0
0.752,0.186,-19.073,0.105,0.981,0.767,0.0744,0.576,103.047,3FWAQ1xefaXlUQSfzmzgG6,53499,2.0
0.506,0.0765,-30.892,0.0403,0.861,0.881,0.277,0.568,130.919,6q8f18KeBguKbU4d0iOoYi,121573,3.0
0.325,0.729,-10.906,0.0485,0.0021,0.901,0.0483,0.321,87.615,1SYQfsfUXlVdo9sJSHIALE,141333,2.0
0.64,0.0697,-24.098,0.203,0.955,0.946,0.174,0.637,133.08,3qziTG1AFNwMsPbDi8gRiv,116667,3.0
0.575,0.738,-10.405,0.0357,0.00814,0.24,0.244,0.764,118.027,4fb5agx06nQaD9SgiHrFks,224492,2.0
0.573,0.04,-32.494,0.0684,0.885,0.746,0.0426,0.523,132.056,0TlLXQ5FUqXE1lrZyajubT,123530,4.0
0.695,0.287,-11.579,0.957,0.844,0.0,0.142,0.431,137.287,4ezHHN86VRdIe6EIphgdQ9,220100,4.0
0.715,0.366,-14.273,0.95,0.576,0.0,0.387,0.746,126.717,6Px0R5DcmqoPTGbBgnAEzC,189300,3.0
0.678,0.926,-5.995,0.0512,0.00506,0.0603,0.0469,0.281,122.003,5nMD1IZBe0Gjd4BjX0GcY5,411167,4.0
0.69,0.263,-13.882,0.963,0.724,0.0,0.31,0.591,71.449,4Obzj6DSr3y8FXRfXIV7Hw,191500,4.0
0.697,0.312,-15.112,0.956,0.594,0.0,0.192,0.643,95.146,5Z6oY3swWj6yDfZJ4IsHKV,191700,4.0
0.618,0.311,-17.24,0.952,0.637,0.0,0.326,0.51,84.952,6SK3fiz7dxcQpOram5uPnx,255153,4.0
0.62,0.339,-14.669,0.968,0.67,0.0,0.363,0.646,77.142,3jVPBqd3fMgPVh6AZhrThG,186900,4.0
0.715,0.287,-14.68,0.959,0.611,0.0,0.299,0.693,86.334,0PzVt05EDhio9PqVn9yppn,189500,3.0
0.759,0.836,-8.319,0.0769,0.00991,0.201,0.599,0.656,128.093,0WNof3Sw0235m0jNsr6mOH,273619,4.0
0.628,0.106,-16.524,0.957,0.366,0.0,0.25,0.447,168.261,3zeD8MwJpIaFovZP7lDwko,200947,4.0
0.678,0.124,-17.195,0.963,0.345,0.0,0.157,0.309,79.802,4oGZCrK1LenlWovTMhG6cZ,189360,2.0
0.51,0.228,-13.607,0.0382,0.969,0.949,0.0638,0.393,130.983,4E3wnBMAucHCP3JgVmdXQd,173067,4.0
0.719,0.107,-17.405,0.942,0.389,0.0,0.117,0.406,119.877,2nC8UBjvZXzTdAAvPnvvUh,191180,1.0
0.13,0.0969,-19.162,0.0406,0.873,0.945,0.315,0.17,165.717,30QEMwix6eUNWz9kiikAQk,175569,4.0
0.628,0.125,-16.304,0.964,0.286,0.0,0.233,0.277,169.331,0PHpx77wXzHgg2311PyKaL,185873,2.0
0.405,0.088,-14.514,0.0386,0.989,0.574,0.196,0.846,126.324,0JZDAyG7NsJ4ZOpFwqwPvc,43133,2.0
0.392,0.156,-18.118,0.0385,0.953,0.956,0.0843,0.535,132.057,7hvHxe8H7WoQ9Ejldf1ooa,145467,2.0
0.21,0.0367,-19.854,0.0402,0.977,0.00771,0.15,0.464,86.801,2yTh6qbaza98wOX0MsRPNC,46627,3.0
0.82,0.686,-12.163,0.0954,0.0295,0.947,0.108,0.154,118.008,2ZmjgeM9MP2II7C3AU3oLY,376900,3.0
0.198,0.605,-10.646,0.0433,0.0104,0.139,0.136,0.257,94.82,753eGOPve84iy1ltX0fpoT,250387,2.0
0.495,0.115,-23.171,0.0492,0.99,0.893,0.11,0.566,160.457,1M8YCLbhXwKS9vvbfSw38X,136133,2.0
0.495,0.115,-23.171,0.0492,0.99,0.893,0.11,0.566,160.457,6qdtR8syJdcnyhpHrVN5cn,136133,2.0
0.495,0.115,-23.171,0.0492,0.99,0.893,0.11,0.566,160.457,7kyHguP0MJhhSn6X514JwL,136133,2.0
0.495,0.115,-23.171,0.0492,0.99,0.893,0.11,0.566,160.457,1JTIpML7MNVECFuaDEJ4b7,136133,2.0
0.495,0.115,-23.171,0.0492,0.99,0.893,0.11,0.566,160.457,6Sq3TLurKxIctVHiAysGyE,136133,2.0
0.495,0.115,-23.171,0.0492,0.99,0.893,0.11,0.566,160.457,5K0VEx0JSTiXaZ7AEwct03,136133,2.0
0.495,0.115,-23.171,0.0492,0.99,0.893,0.11,0.566,160.457,6oKlgU9f4x5IXtSSCZLofU,136133,2.0
0.495,0.115,-23.171,0.0492,0.99,0.893,0.11,0.566,160.457,4G0ZxkaximdnVtRGuemyJK,136133,2.0
0.495,0.115,-23.171,0.0492,0.99,0.893,0.11,0.566,160.457,4YYoUMkHQEYKyW7828ONqf,136133,2.0
0.495,0.115,-23.171,0.0492,0.99,0.893,0.11,0.566,160.457,3fe0dMryY52sm6QWzIZsof,136133,2.0
0.495,0.115,-23.171,0.0492,0.99,0.893,0.11,0.566,160.457,3GHtqa5Xb0sDXAfvpZ1MSP,136133,2.0
0.495,0.115,-23.171,0.0492,0.99,0.893,0.11,0.566,160.457,2mFNbcDfVGEggkow4m8YrU,136133,2.0
0.495,0.115,-23.171,0.0492,0.99,0.893,0.11,0.566,160.457,6ke1PWmbmcBsZb8gIVufUx,136133,2.0
0.495,0.115,-23.171,0.0492,0.99,0.893,0.11,0.566,160.457,4XklrYnksRMUyaii3oc58v,136133,2.0
0.495,0.115,-23.171,0.0492,0.99,0.893,0.11,0.566,160.457,0JOpORrkyiAJsG4Y9Ppnax,136133,2.0
0.495,0.115,-23.171,0.0492,0.99,0.893,0.11,0.566,160.457,5TwYi5gMKJa40C8kNJeUZV,136133,2.0
0.495,0.115,-23.171,0.0492,0.99,0.893,0.11,0.566,160.457,2ULZ4KOd54nz4sAcVWSpHP,136133,2.0
0.495,0.115,-23.171,0.0492,0.99,0.893,0.11,0.566,160.457,3E1Rt6rly8t4pJdJRXgGsC,136133,2.0
0.495,0.115,-23.171,0.0492,0.99,0.893,0.11,0.566,160.457,6XnlEFgyPEPa6f8kNV6CrG,136133,2.0
0.495,0.115,-23.171,0.0492,0.99,0.893,0.11,0.566,160.457,3izIPi1jTWBW3qQzsxSoT5,136133,2.0
0.495,0.115,-23.171,0.0492,0.99,0.893,0.11,0.566,160.457,26DMzuWGj7VFL13NnxKUN4,136133,2.0
0.495,0.115,-23.171,0.0492,0.99,0.893,0.11,0.566,160.457,3WEbS39eYub4RxmiKx6jb9,136133,2.0
0.495,0.115,-23.171,0.0492,0.99,0.893,0.11,0.566,160.457,338um15viNCIIzU0uc7e4W,136133,2.0
0.495,0.115,-23.171,0.0492,0.99,0.893,0.11,0.566,160.457,4KmNMKEKH6H9ny4iVMy6iy,136133,2.0
0.495,0.115,-23.171,0.0492,0.99,0.893,0.11,0.566,160.457,56B0JacHY83I98ffJNk97z,136133,2.0
0.495,0.115,-23.171,0.0492,0.99,0.893,0.11,0.566,160.457,2Tus32ZsNqzJkXfZt2Utiz,136133,2.0
0.528,0.159,-20.091,0.0463,0.99,0.924,0.127,0.593,80.357,2xHkEvPtsCGWn0KePCQjtf,136000,2.0
0.495,0.115,-23.171,0.0492,0.99,0.893,0.11,0.566,160.457,0LjyP52rQjiA5hQ22DH6jf,136133,2.0
0.495,0.115,-23.171,0.0492,0.99,0.893,0.11,0.566,160.457,0mDbDUJCktd68yt4wBTyRE,136133,2.0
0.495,0.115,-23.171,0.0492,0.99,0.893,0.11,0.566,160.457,7f2GYlJHOfjaHmcQmPqFRz,136133,2.0
0.495,0.115,-23.171,0.0492,0.99,0.893,0.11,0.566,160.457,65pnROiniGvahDEDgU5z4H,136133,2.0
0.495,0.115,-23.171,0.0492,0.99,0.893,0.11,0.566,160.457,4JqIVD106u38Kbkol7gR60,136133,2.0
0.495,0.115,-23.171,0.0492,0.99,0.893,0.11,0.566,160.457,0PAW3esFQ8THMs0rKtPMZC,136133,2.0
0.495,0.115,-23.171,0.0492,0.99,0.893,0.11,0.566,160.457,2KSUpLIm4CRrCdXiM1FK4r,136133,2.0
0.495,0.115,-23.171,0.0492,0.99,0.893,0.11,0.566,160.457,6Yqamf2GZ6n2qGc0yTdDSN,136133,2.0
0.495,0.115,-23.171,0.0492,0.99,0.893,0.11,0.566,160.457,3iVW3aTvuxqrDLUHBRApb7,136133,2.0
0.495,0.115,-23.171,0.0492,0.99,0.893,0.11,0.566,160.457,4Rdyxs7bQGmCnPYY3pfr7x,136133,2.0
0.495,0.115,-23.171,0.0492,0.99,0.893,0.11,0.566,160.457,3Y61Mfekp8uDZoxOPbbvXw,136133,2.0
0.494,0.109,-23.56,0.0484,0.99,0.856,0.125,0.599,160.222,6dz2zd3SzNzBnn5PsEDRrM,136000,2.0
0.495,0.115,-23.171,0.0492,0.99,0.893,0.11,0.566,160.457,0xAWYJRXH5U4b11rUpThhQ,136133,2.0
0.495,0.115,-23.171,0.0492,0.99,0.893,0.11,0.566,160.457,6AZBGVXTMWkecpWffyCsEf,136133,2.0
0.495,0.115,-23.171,0.0492,0.99,0.893,0.11,0.566,160.457,0RR94z60Qk1F7DY7eZRrWA,136133,2.0
0.495,0.115,-23.171,0.0492,0.99,0.893,0.11,0.566,160.457,6SrBDCYLnnyRluDqICwJSt,136133,2.0
0.495,0.115,-23.171,0.0492,0.99,0.893,0.11,0.566,160.457,5Zx9DWKcP0KdRL7gvzaEjV,136133,2.0
0.495,0.115,-23.171,0.0492,0.99,0.893,0.11,0.566,160.457,3zBd6jnGo75uePuvc0rzFl,136133,2.0
0.495,0.115,-23.171,0.0492,0.99,0.893,0.11,0.566,160.457,66SWIOoakI5wGNGAg8lOiQ,136133,2.0
0.495,0.115,-23.171,0.0492,0.99,0.893,0.11,0.566,160.457,22ca9CVhNP3ALH2BDbTTU7,136133,2.0
0.495,0.115,-23.171,0.0492,0.99,0.893,0.11,0.566,160.457,5LLciCBjdTcV9iuWBWyyS2,136133,2.0
0.495,0.115,-23.171,0.0492,0.99,0.893,0.11,0.566,160.457,6FORXq0WsS1iPuK89f847Z,136133,2.0
0.495,0.115,-23.171,0.0492,0.99,0.893,0.11,0.566,160.457,7K1mT0VsJs9Q1rzNVOreWE,136133,2.0
0.495,0.115,-23.171,0.0492,0.99,0.893,0.11,0.566,160.457,6IFbVTU0RMVBRHj5KZl53Y,136133,2.0
0.495,0.115,-23.171,0.0492,0.99,0.893,0.11,0.566,160.457,2bFbAY2VrXBcQ7o06xhWnS,136133,2.0
0.495,0.115,-23.171,0.0492,0.99,0.893,0.11,0.566,160.457,3lMNe3CYcg1HiUNYSbxyab,136133,2.0
0.495,0.115,-23.171,0.0492,0.99,0.893,0.11,0.566,160.457,3M7EXTaQFZYog57lPLrqaP,136133,2.0
0.495,0.115,-23.171,0.0492,0.99,0.893,0.11,0.566,160.457,42L1wRiaH9wBA7Ojmigw6h,136133,2.0
0.495,0.115,-23.171,0.0492,0.99,0.893,0.11,0.566,160.457,3allICHnM5qWEEvgO3cFYw,136133,2.0
0.495,0.115,-23.171,0.0492,0.99,0.893,0.11,0.566,160.457,6YKl4Y4x6YrNZrktNOF01u,136133,2.0
0.495,0.115,-23.171,0.0492,0.99,0.893,0.11,0.566,160.457,6Mr0WXRogABfZThsJX7G2U,136133,2.0
0.495,0.115,-23.171,0.0492,0.99,0.893,0.11,0.566,160.457,7rh9JLtkgjzY4QtwemRkSW,136133,2.0
0.495,0.115,-23.171,0.0492,0.99,0.893,0.11,0.566,160.457,1mAd78tlYhApb6JgG2X5gd,136133,2.0
0.495,0.115,-23.171,0.0492,0.99,0.893,0.11,0.566,160.457,1r9JMOlddknzJKXJOImHzl,136133,2.0
0.495,0.115,-23.171,0.0492,0.99,0.893,0.11,0.566,160.457,4IMFvBljcHTvaxXTbGoGsm,136133,2.0
0.495,0.115,-23.171,0.0492,0.99,0.893,0.11,0.566,160.457,3BVY77ZuFweprwtr0WQZcd,136133,2.0
0.495,0.115,-23.171,0.0492,0.99,0.893,0.11,0.566,160.457,24WUZmO8IuPNkdarlK3Kmp,136133,2.0
0.495,0.115,-23.171,0.0492,0.99,0.893,0.11,0.566,160.457,3GxE7KEdwsC7jUwq8qjA9P,136133,2.0
0.495,0.115,-23.171,0.0492,0.99,0.893,0.11,0.566,160.457,76RXvwEFKOQrfVeMK9wEvS,136133,2.0
0.495,0.115,-23.171,0.0492,0.99,0.893,0.11,0.566,160.457,5UvIjqMKB7pD2nt9jt9mpr,136133,2.0
0.495,0.115,-23.171,0.0492,0.99,0.893,0.11,0.566,160.457,0UiKMaOBRKxsxWojLa4k8d,136133,2.0
0.495,0.115,-23.171,0.0492,0.99,0.893,0.11,0.566,160.457,4aRO8tscwcfrPj6mCLpSoP,136133,2.0
0.495,0.115,-23.171,0.0492,0.99,0.893,0.11,0.566,160.457,7unpRcnwyl0Bbe9k8wAbox,136133,2.0
0.495,0.115,-23.171,0.0492,0.99,0.893,0.11,0.566,160.457,17HNxJ9H0O2ipae7MEXmYC,136133,2.0
0.495,0.115,-23.171,0.0492,0.99,0.893,0.11,0.566,160.457,1juYlBdXfcg1yYbnZaymUH,136133,2.0
0.495,0.115,-23.171,0.0492,0.99,0.893,0.11,0.566,160.457,6fwhm8b8BFEiKBOdRSHXqY,136133,2.0
0.495,0.115,-23.171,0.0492,0.99,0.893,0.11,0.566,160.457,1d2in2LPeWU2o8VfXrAY1K,136133,2.0
0.495,0.115,-23.171,0.0492,0.99,0.893,0.11,0.566,160.457,4MwKZCvsQ9s6LPGIW6VeM9,136133,2.0
0.495,0.115,-23.171,0.0492,0.99,0.893,0.11,0.566,160.457,0HiMqTAahV6NuHrmWhYTho,136133,2.0
0.495,0.115,-23.171,0.0492,0.99,0.893,0.11,0.566,160.457,3D0tKLgz7OUtevitzyGcik,136133,2.0
0.495,0.115,-23.171,0.0492,0.99,0.893,0.11,0.566,160.457,3cS0UcVBDAXAkV79iDrZmt,136133,2.0
0.495,0.115,-23.171,0.0492,0.99,0.893,0.11,0.566,160.457,2oE2wBmFABYBtnczIDzdKK,136133,2.0
0.495,0.115,-23.171,0.0492,0.99,0.893,0.11,0.566,160.457,2SJrSt0fFU0XQtDUYuBEJK,136133,2.0
0.61,0.353,-16.747,0.0441,0.771,0.962,0.089,0.821,116.323,7oyGA8P4Gfq5Ax6Wvozwh5,180000,2.0
0.495,0.115,-23.171,0.0492,0.99,0.893,0.11,0.566,160.457,4uAoquUNYoF4NRPQ9BkEd4,136133,2.0
0.495,0.115,-23.171,0.0492,0.99,0.893,0.11,0.566,160.457,1rT9LqQXaxiB7j6eX5r50m,136133,2.0
0.495,0.115,-23.171,0.0492,0.99,0.893,0.11,0.566,160.457,4co3jK9GPCj8a5ztlnzExg,136133,2.0
0.495,0.115,-23.171,0.0492,0.99,0.893,0.11,0.566,160.457,4EKc29WSFfLvVI4mn1vpqW,136133,2.0
0.495,0.115,-23.171,0.0492,0.99,0.893,0.11,0.566,160.457,5Tu4DTGl8FfU83XmPLbjo6,136133,2.0
0.495,0.115,-23.171,0.0492,0.99,0.893,0.11,0.566,160.457,1V8AeVt06sUQzso1ON19TZ,136133,2.0
0.495,0.115,-23.171,0.0492,0.99,0.893,0.11,0.566,160.457,687CgfFDRLyvVwai834GvM,136133,2.0
0.495,0.112,-23.175,0.0476,0.99,0.894,0.11,0.556,161.648,0YyUQBAMTOKPieTHdXC3pg,136133,2.0
0.495,0.115,-23.171,0.0492,0.99,0.893,0.11,0.566,160.457,00bu21Y0OknffsC04UuTHf,136133,2.0
0.495,0.115,-23.171,0.0492,0.99,0.893,0.11,0.566,160.457,5nQSHY9FXqPLtGYhx88WD3,136133,2.0
0.495,0.115,-23.171,0.0492,0.99,0.893,0.11,0.566,160.457,2tbjgGrC5ekWYxv4ndc26l,136133,2.0
0.495,0.115,-23.171,0.0492,0.99,0.893,0.11,0.566,160.457,5uqWo432t4sCOOhkpIAnOF,136133,2.0
0.495,0.115,-23.171,0.0492,0.99,0.893,0.11,0.566,160.457,4Nsahz8fEgAWvq8snzIVae,136133,2.0
0.495,0.115,-23.171,0.0492,0.99,0.893,0.11,0.566,160.457,68vyDbM98MR9uoPCrBBAfN,136133,2.0
0.495,0.115,-23.171,0.0492,0.99,0.893,0.11,0.566,160.457,0vUHjWKIdHiSq9RSjhD8HK,136133,2.0
0.495,0.115,-23.171,0.0492,0.99,0.893,0.11,0.566,160.457,5qQuUrsfuPbG0jIuYWiFI1,136133,2.0
0.495,0.115,-23.171,0.0492,0.99,0.893,0.11,0.566,160.457,68d1ZN2qNifKlSRRFp2EQI,136133,1.0
0.495,0.115,-23.171,0.0492,0.99,0.893,0.11,0.566,160.457,6BlOkoEY6awu6NZbgA3C2S,136133,3.0
0.495,0.115,-23.171,0.0492,0.99,0.893,0.11,0.566,160.457,1J1dVVrTleh5d8Xmlh2Doy,136133,2.0
0.495,0.115,-23.171,0.0492,0.99,0.893,0.11,0.566,160.457,0lgG06rCl5K3lc6ppxsx33,136133,2.0
0.329,0.314,-15.622,0.0424,0.8,0.917,0.0978,0.142,104.859,0fFb75DHChMCUsUbHXplfl,582787,2.0
0.477,0.384,-14.135,0.032,0.00421,0.857,0.267,0.0363,119.972,6hCH5o3F9sDMCCnL0b88AD,116088,2.0
0.495,0.115,-23.171,0.0492,0.99,0.893,0.11,0.566,160.457,36Trk7UTr2f9yi8jchX13c,136133,2.0
0.495,0.115,-23.171,0.0492,0.99,0.893,0.11,0.566,160.457,0fFMxuVn31YbX8Ly1sz8Tp,136133,2.0
0.495,0.115,-23.171,0.0492,0.99,0.893,0.11,0.566,160.457,2mbbjMtxfyczUhmu8Fb7hq,136133,2.0
0.495,0.115,-23.171,0.0492,0.99,0.893,0.11,0.566,160.457,21SrbQ9AXdIajEJnqWSUqW,136133,2.0
0.495,0.115,-23.171,0.0492,0.99,0.893,0.11,0.566,160.457,4Z5I9Jr7DxndNW8hoapt8I,136133,2.0
0.495,0.115,-23.171,0.0492,0.99,0.893,0.11,0.566,160.457,0PrlXxTwEWrOGzmxIIc5ly,136133,2.0
0.495,0.115,-23.171,0.0492,0.99,0.893,0.11,0.566,160.457,0TcgeD2C0vPKqsSwMrP08N,136133,1.0
0.495,0.115,-23.171,0.0492,0.99,0.893,0.11,0.566,160.457,2kf5yEb5GiBEldIbgzmkfw,136133,3.0
0.5,0.114,-23.18,0.0497,0.991,0.806,0.103,0.616,160.983,6AQ8rhIb6wJxlvOVEGefr7,135533,2.0
0.495,0.115,-23.171,0.0492,0.99,0.893,0.11,0.566,160.457,1eh8ecCxq3qP5eZG7Rwwu3,136133,1.0
0.329,0.314,-15.622,0.0423,0.801,0.918,0.0978,0.142,104.881,1jJ8iBKwYmASlFYx4w1ASd,582787,2.0
0.7,0.503,-10.094,0.0338,0.724,0.0955,0.0763,0.718,125.926,75eXFb4pVJvlQlVKnIPo0o,156293,4.0
0.401,0.123,-23.241,0.0453,0.927,0.866,0.231,0.428,129.491,32wE2fP8klbG7JTT1It1LP,122027,1.0
0.405,0.016,-25.67,0.0497,0.993,0.905,0.0865,0.047,131.867,4dh9Kj0sK4ATr94CkkdxEH,568560,1.0
0.655,0.225,-15.221,0.106,0.986,0.934,0.109,0.503,156.001,6EtC7Kn1IFY4vRZgi5mpM2,104500,2.0
0.691,0.131,-16.974,0.954,0.376,0.0,0.274,0.301,137.368,6CMKbGETQJiGRzyjMG3cVL,190940,1.0
0.534,0.0249,-20.249,0.0828,0.994,0.886,0.0783,0.0674,116.97,37Fe8QGHx3ZU0jFvMqRAXw,511240,3.0
0.262,0.0246,-25.03,0.055,0.989,0.91,0.107,0.0772,83.097,4UHFgvX189wcRKGoQpUdiT,516800,1.0
0.5,0.0952,-22.453,0.0471,0.98,0.693,0.0692,0.432,131.623,25s15l0hBnaevAEVW0NA4B,165133,0.0
0.357,0.116,-18.131,0.0366,0.936,0.793,0.0979,0.215,106.757,11mjpNFpDryvGY1rdcJBya,283107,1.0
0.417,0.491,-9.978,0.0348,0.768,0.0,0.0874,0.828,184.079,7D3LWq3PqaIlUnA2Z6Ogfa,184760,4.0
0.354,0.116,-18.131,0.0367,0.936,0.791,0.0979,0.216,105.591,2dfiNzSQkcnkn3RwHfunoH,283107,4.0
0.388,0.202,-19.234,0.0423,0.954,0.404,0.682,0.188,106.455,57gP7eRIb5OreofH2GhSvD,209213,2.0
0.172,0.0536,-23.695,0.0432,0.95,0.88,0.13,0.0399,132.174,2zFDhXbCoA2pEVmyueyxQS,1413000,1.0
0.716,0.291,-17.916,0.937,0.138,0.0,0.159,0.575,123.164,6P3Rf2LTtfEqoPtpMESXym,235117,3.0
0.696,0.314,-15.477,0.953,0.209,0.0,0.34,0.651,93.128,4EtBU6SKeOtsXH06H3GP48,187200,1.0
0.48,0.0843,-28.066,0.0435,0.965,0.723,0.0559,0.394,134.315,08DXk0uMp44GtCRWEnX9Kr,256840,2.0
0.414,0.137,-19.66,0.0359,0.993,0.863,0.154,0.18,94.973,22KQ0jztr3APivhM4CdxXN,542200,2.0
0.821,0.838,-2.934,0.0419,0.546,7.3e-05,0.283,0.959,100.018,18DiVASfaDUuHfqqnCrWdz,202000,2.0
0.416,0.137,-19.66,0.0358,0.993,0.862,0.155,0.183,95.535,3H2M6op3YPvpfkLuvqwpCY,542200,2.0
0.65,0.197,-19.565,0.089,0.959,0.863,0.0829,0.837,134.114,5TJSAxKhEQs4Bj8Y2VPRBN,33000,2.0
0.646,0.185,-21.147,0.103,0.967,0.851,0.0846,0.595,136.783,6UhCx2j4PyE1WBEbOcgJDh,33000,4.0
0.659,0.205,-18.84,0.0491,0.985,0.87,0.124,0.935,165.155,2mMLJkV8cQrITpiR01UnlW,80000,1.0
0.719,0.387,-16.99,0.0402,0.872,0.421,0.0738,0.783,113.754,0zgiJKLUGCnXKVzzXHkJSZ,182467,3.0
0.642,0.234,-15.862,0.0444,0.976,0.892,0.0997,0.0693,90.008,5ldlgzvPVaEkahO8JuSnkk,138810,2.0
0.626,0.38,-16.698,0.956,0.736,0.0,0.183,0.434,82.809,4m8XqOU57bywJcs6QbZE9m,199900,3.0
0.38,0.0412,-23.332,0.0373,0.97,0.858,0.0933,0.129,91.411,5cTk6gK0a1CNKr51K605iY,254000,3.0
0.775,0.475,-8.086,0.0407,0.000381,0.00335,0.0467,0.613,123.996,6zlIQKrDq6Z0FMyxWa6IuU,243833,3.0
0.365,0.175,-20.64,0.0393,0.938,0.86,0.215,0.379,138.331,5FpRaur6VeoDiqkKs93fjJ,67600,3.0
0.325,0.834,-10.638,0.0504,0.653,0.937,0.324,0.375,96.922,0Z284JwH27oORb78lTfPW6,189347,2.0
0.753,0.368,-13.467,0.0451,0.36,0.902,0.122,0.542,105.224,0PKtYIybDHMtrXab5wL1pu,84600,1.0
0.809,0.673,-7.082,0.079,0.00734,0.000904,0.0318,0.67,124.985,6SJFtG090GSYqBQYyZopqx,226180,2.0
0.371,0.758,-11.925,0.059,0.00182,0.784,0.0754,0.338,87.042,0oABZ8YXV3b0KYJxIruK1q,143627,1.0
0.367,0.0657,-22.639,0.0394,0.977,0.888,0.122,0.371,176.799,6TXFtblLMHjX5oCETkRgkh,275347,2.0
0.333,0.0841,-14.19,0.044,0.991,0.921,0.145,0.113,74.196,4pbUIh21seuRUPI2nDfOwR,444893,1.0
0.367,0.0657,-22.639,0.0394,0.977,0.888,0.122,0.371,176.799,3nCGRPlNVhd656LyFLfRkt,275347,3.0
0.422,0.185,-20.062,0.0357,0.992,0.929,0.101,0.232,120.852,6EVHFX9udgF5I5CNzZFSth,308333,3.0
0.493,0.185,-19.594,0.0319,0.994,0.642,0.147,0.468,75.857,1VKH3hb64zQSmTJSc3BPWF,120516,3.0
0.421,0.185,-20.062,0.0357,0.992,0.929,0.101,0.232,121.0,4XIZKFLbdFKUm5EhvnsM8I,308333,1.0
0.639,0.975,-6.849,0.0371,0.115,9.93e-05,0.118,0.66,142.004,6VNoTHzDZ30LSZOWeX3ojz,213698,1.0
0.664,0.834,-6.299,0.0432,9.05e-05,0.85,0.0804,0.282,128.011,6c8VKAs99KAsahQTqrus1O,335287,1.0
0.866,0.388,-10.577,0.0473,0.825,0.238,0.0822,0.929,129.073,6VgfT2Ns4PYW63GSeLmT74,155733,3.0
0.425,0.00178,-26.416,0.0979,0.982,0.6,0.184,0.0622,72.343,3A7MILCd3snQGUEJshuASO,172613,2.0
0.16,0.7,-14.016,0.0444,0.843,0.184,0.182,0.217,92.595,3JCZNX3yKvq7cIQ3wxyndJ,171333,3.0
0.165,0.692,-13.98,0.0411,0.851,0.16,0.197,0.241,93.597,5oG9buQy6dfqzU75HNn7xP,171333,3.0
0.43,0.997,-4.066,0.0846,0.000173,0.924,0.157,0.258,144.002,0ZD0BSfwtrMId1Rlh8icoq,286667,3.0
0.453,0.0175,-31.2,0.0446,0.994,0.942,0.106,0.124,109.991,2nB4N4URBj2ZElrVx8DYpM,154624,0.0
0.638,0.975,-6.849,0.0371,0.115,9.72e-05,0.118,0.66,142.001,2ZhEiaxcRtpbky1pdHzEWb,213698,2.0
0.638,0.975,-6.849,0.0371,0.115,9.72e-05,0.118,0.66,142.001,2YJVbGIWF6r4HRf5m85xXj,213698,3.0
0.865,0.658,-3.035,0.0797,0.214,4.47e-06,0.0325,0.713,90.012,2CKkpT44Ioay8vIvGQCSPe,232526,2.0
0.215,0.987,-5.308,0.0889,1.15e-05,0.000327,0.927,0.172,92.402,3MAlvZpBww2mqugBBxna25,214893,2.0
0.502,0.31,-16.833,0.0721,0.791,0.939,0.0556,0.551,69.483,43GcQt4KIlyLPpJ7r6TjLQ,154640,4.0
0.613,0.676,-5.3,0.0366,0.948,0.928,0.105,0.866,113.145,4luP9ubxf07aIR1oBXjZSB,160237,4.0
0.518,0.221,-16.422,0.0363,0.984,0.936,0.181,0.446,141.095,0HuNciSp7XN7swstwHcop3,154999,2.0
0.423,0.124,-22.969,0.0639,0.988,0.899,0.0899,0.644,123.886,6oOg3sKh7GCTleuTGmkOGU,166600,4.0
0.627,0.284,-14.356,0.949,0.193,0.0,0.298,0.338,79.792,4aAEJ21As9vCug9RMWpT3U,202900,2.0
0.717,0.457,-14.431,0.899,0.225,0.0,0.143,0.499,109.99,0ORMMPFF1CvxY8vOk1m17B,187600,4.0
0.559,0.0464,-28.577,0.0501,0.963,0.937,0.202,0.464,131.938,37fB3mPyYFa5qSE0Me4PKu,121933,2.0
0.705,0.239,-13.683,0.915,0.244,0.0,0.33,0.283,131.092,3oHDCr9KmzPbvFVaPYZwPX,186700,2.0
0.245,0.0961,-26.188,0.0359,0.908,0.936,0.163,0.35,115.775,0ScTtsi0owMg9hbanbGGqq,189000,4.0
0.618,0.341,-18.055,0.961,0.189,0.0,0.125,0.478,180.465,08KjB3dSQSuKl8CdYvNZz3,195400,2.0
0.544,0.00637,-41.233,0.0472,0.897,0.764,0.134,0.359,125.937,1k2uQVGTxgY3ibLJrSwcOf,124973,2.0
0.552,0.00645,-41.192,0.0476,0.893,0.793,0.195,0.32,125.951,35t5VLbidGkVvHm5pBwQP4,119267,2.0
0.625,0.327,-17.139,0.954,0.13,0.0,0.147,0.416,176.142,1Wh4nkuF1JWcBV0e3X3Qw9,193796,2.0
0.627,0.0524,-29.313,0.0443,0.935,0.864,0.179,0.537,131.0,0wzpEYCbQKVu6wl5WIDGHE,120067,4.0
0.543,0.0063,-41.234,0.0472,0.896,0.741,0.134,0.337,125.937,0HpfQXLInLgfQpBKCzWAfQ,124973,2.0
0.562,0.0459,-28.571,0.0493,0.962,0.928,0.217,0.478,132.086,6W7klNApa5vR0k4mcj1hWS,122040,2.0
0.543,0.0063,-41.234,0.0472,0.896,0.741,0.134,0.337,125.937,5xATIe4p3h601em0YaHUtJ,124973,2.0
0.709,0.384,-16.393,0.925,0.216,0.0,0.323,0.348,112.752,6tis1GHUm6O5A2i6g4Gq26,186500,2.0
0.632,0.0532,-29.306,0.051,0.927,0.689,0.234,0.533,130.955,1oaUG7Ygk2qkNb9cE5iWHS,120067,2.0
0.677,0.024,-32.142,0.0678,0.876,0.946,0.189,0.513,120.897,4K0ec3qqSf6p0WI0RnEYRp,127427,1.0
0.637,0.0532,-29.306,0.0514,0.927,0.689,0.235,0.533,130.961,7Ejq4YVaJrMj0TfuiVcjBx,120067,2.0
0.627,0.0524,-29.313,0.0443,0.935,0.864,0.179,0.537,131.002,4yu7hcFsnbXXAh5RPINzGd,120067,3.0
0.657,0.266,-15.971,0.052,0.94,0.8,0.244,0.591,115.425,2dOnm906XObf5zN29N1rMD,230627,1.0
0.395,0.197,-20.971,0.038,0.569,0.949,0.19,0.273,107.64,7x4gZJAGeF7tPJhk39XJrN,282733,1.0
0.799,0.152,-13.423,0.0523,0.663,0.944,0.0468,0.283,96.104,3d2E8Wx7ohxQIpSguVPeel,336093,2.0
0.811,0.879,-7.784,0.0817,5.03e-05,0.886,0.0695,0.3,124.0,4eX0EPTJt8qrgZ3phm6ND3,406000,1.0
0.272,0.306,-14.874,0.0562,0.932,0.859,0.0976,0.0966,122.252,300nusbR62RWV8sVZZMipk,1013827,1.0
0.42,0.147,-23.97,0.0399,0.98,0.939,0.0779,0.214,115.468,1NSDByvhtqGRa8mbE5txE6,504960,1.0
0.387,0.0119,-29.243,0.057,0.991,0.937,0.143,0.0728,203.647,4tQAuDo9qicYcJXNRM16sj,206573,1.0
0.396,0.123,-18.736,0.0417,0.983,0.899,0.0993,0.04,106.912,3yDFmWzYLVpEj6Q8y098YV,374027,2.0
0.164,0.7,-14.016,0.0446,0.844,0.191,0.182,0.218,93.931,67AH4dK78FrC1UBccTqyzH,171333,0.0
0.396,0.123,-18.736,0.0417,0.983,0.899,0.0993,0.04,106.912,1nqPLVuLwtziQfQc9jKY3h,374027,0.0
0.42,0.147,-23.969,0.0401,0.98,0.94,0.0779,0.215,115.615,7f84YinQmjjwEzMCxCJM2E,504960,1.0
0.409,0.387,-21.066,0.0352,0.937,0.809,0.315,0.546,121.853,5Ebfk4VkLdMKCJcZSuBoRt,94067,1.0
0.477,0.0422,-25.816,0.0528,0.991,0.819,0.696,0.228,100.47,59jOnlDjDOPUfg38oUa8hm,304242,3.0
0.604,0.506,-3.859,0.0712,0.778,0.0,0.639,0.838,84.9,7lulGLhsv9ZhKe5bS1MREI,60608,2.0
0.177,0.0922,-24.552,0.0459,0.871,0.542,0.101,0.0899,89.021,2JW5SnBpQBlaFLIeC9JWBj,885173,1.0
0.181,0.0779,-23.928,0.0436,0.936,0.789,0.124,0.0596,76.677,2co62WbeapFGqFkSlwMSsW,894787,3.0
0.487,0.923,-3.854,0.103,0.119,0.0,0.143,0.482,110.166,5TAOGcvKxWlikSCsOSP0sB,124787,2.0
0.49,0.205,-20.967,0.0346,0.989,0.916,0.148,0.599,143.373,3CwnOi6GynEsV4Firrn6pb,150511,2.0
0.386,0.134,-17.048,0.0312,0.92,0.866,0.118,0.376,97.37,4uDsdwqZj73wyENtkcQhRF,227000,3.0
0.219,0.57,-7.095,0.0351,0.134,0.0,0.0651,0.645,154.426,6Bp8D8ClaVIw3kNr0hIRCV,211013,2.0
0.637,0.0506,-29.372,0.0463,0.933,0.872,0.167,0.561,131.059,4UXO2Fk4VXpL5D1MXIrUIU,120067,0.0
0.46,0.332,-19.921,0.0336,0.967,0.914,0.263,0.934,114.984,6Bp2F2kksQMUVJSjJ71VHi,54653,3.0
0.849,0.476,-9.861,0.0687,0.962,0.182,0.046,0.875,135.303,668qO0tq7HdnPkXJGcWZgX,237678,3.0
0.602,0.0718,-24.084,0.0395,0.979,0.952,0.139,0.491,130.565,26BdhxHtt34wN4k1A7N71V,167960,2.0
0.464,0.378,-15.529,0.0347,0.926,0.923,0.371,0.548,93.978,6rgLjXBvYMK9txfjI1V5tA,204333,2.0
0.8,0.408,-13.1,0.043,0.0164,0.814,0.115,0.211,112.011,6CPfKBm1FXuiAX2HhrYyOn,154787,1.0
0.505,0.466,-18.927,0.0351,0.0294,0.897,0.114,0.872,91.072,23Acpzo4ng1DHME4Z7cyzI,120477,0.0
0.402,0.397,-14.549,0.0414,0.853,0.948,0.158,0.421,123.18,6aKBzUFlhwE7c3fAyaaxoh,283160,3.0
0.524,0.257,-22.055,0.0454,0.979,0.887,0.0544,0.294,122.028,5LKcVEMqZKL7ntxrAHVGOw,144613,1.0
0.0658,0.294,-16.473,0.0375,0.64,0.0474,0.0861,0.149,72.641,5rC4RbSW4sJm0IjIu1IraP,203067,1.0
0.262,0.656,-15.659,0.0384,0.857,0.127,0.353,0.248,93.845,3zhXKBBNaeOgjg2HaWfM36,171067,1.0
0.118,0.696,-14.02,0.0422,0.845,0.136,0.164,0.243,187.427,0RB7qPTFrQHYgAoQ1A9fBv,171333,1.0
0.386,0.134,-17.048,0.0312,0.92,0.866,0.118,0.376,97.37,0VLZrvYzDi9JIdMjRBDliO,227000,1.0
0.148,0.166,-23.023,0.0486,0.857,0.767,0.0664,0.096,78.778,5E0VGYCTsZ6Gjhghioj8KF,979960,1.0
0.164,0.704,-13.993,0.0401,0.836,0.151,0.182,0.246,93.579,4hmG3y6ytdDKZmvgbLPUeg,167720,2.0
0.377,0.0331,-31.212,0.0381,0.96,0.832,0.105,0.132,100.456,3yb48EWDOyt0IuBzDItsDp,328813,2.0
0.388,0.0331,-31.212,0.0385,0.961,0.833,0.106,0.133,104.283,1Kpr8fU3q39A5eREgxoIJN,328813,2.0
0.439,0.00708,-35.269,0.0527,0.98,0.886,0.0871,0.0566,118.374,3aYulIJJeKdiKYDd34nmmU,371800,1.0
0.425,0.0217,-31.015,0.066,0.97,0.847,0.0818,0.153,171.913,31aVdPEMViVIaZByXgJVNU,316480,3.0
0.387,0.018,-35.054,0.053,0.981,0.801,0.0919,0.275,120.141,0NM1BVyZc0NXhd9tY3RmOb,386240,1.0
0.387,0.018,-35.054,0.053,0.981,0.801,0.0919,0.275,120.693,5NC97dfHXDgTTpyrSHb80v,386240,3.0
0.524,0.0218,-31.015,0.0611,0.97,0.844,0.0818,0.145,62.542,0uK3glctMJLTQY3A8YNjUT,316480,3.0
0.776,0.613,-4.089,0.227,0.26,5.73e-05,0.472,0.775,186.051,6aoh2htM9H1RZf4IAw3T0O,208394,3.0
0.268,0.0054,-30.596,0.0423,0.995,0.815,0.0997,0.0828,70.182,7MW77baUPrzZ5jTAWtE30y,104000,1.0
0.286,0.897,-6.218,0.0469,0.0194,0.89,0.215,0.739,117.259,7JKO4oBn5NRIpx8MlgTKEk,189693,2.0
0.467,0.559,-10.239,0.423,0.654,0.0,0.202,0.323,76.836,0hI8oT3BTaOyWL2ULeEcGo,224812,1.0
0.295,0.898,-6.166,0.0521,0.0327,0.889,0.274,0.684,116.896,0ad1gDefzkUK6uM4td6OX2,188942,2.0
0.185,0.211,-13.539,0.0434,0.8,0.272,0.116,0.159,70.059,4G01piT4Gny1KKPb2xRSre,48573,1.0
0.438,0.142,-24.671,0.0442,0.993,0.918,0.132,0.538,171.155,0YMYhrEWtnSyY7EstzWV6Z,68027,2.0
0.202,0.0892,-18.094,0.0333,0.969,0.884,0.144,0.139,173.162,4urvLbjD6OuW3seEdNuMKg,617293,3.0
0.192,0.0657,-25.8,0.0397,0.985,0.925,0.1,0.551,147.436,0ZpJwXEoriVRZcpW0zln6z,177448,3.0
0.209,0.128,-21.779,0.0422,0.95,0.936,0.166,0.214,180.848,2M9ggbK90kjr3k6JB0bsDT,360227,2.0
0.284,0.0388,-24.575,0.0566,0.988,0.929,0.109,0.472,179.265,2D9S4BIyu6RXx03Nc42Tnn,172277,3.0
0.484,0.677,-7.54,0.0281,0.27,0.000515,0.0702,0.255,77.932,0hn8unur98flZzRBLPtdcm,215385,2.0
0.438,0.74,-7.458,0.0277,0.158,0.0159,0.374,0.288,155.43,6cUWxDCLKjKmc92wAiGdMz,315000,2.0
0.555,0.044,-28.569,0.057,0.963,0.918,0.21,0.446,132.224,5n3lNazwohklp3Zyxn80sg,122000,2.0
0.677,0.521,-8.201,0.0413,0.014,0.425,0.0635,0.803,137.982,6eWG9sRBHtZU8zpcyii1db,244707,0.0
0.46,0.332,-19.921,0.0337,0.967,0.914,0.263,0.934,114.984,4t3UVu5L4ukygjlpZUzQMG,54653,2.0
0.465,0.0701,-26.413,0.0433,0.992,0.885,0.0608,0.513,149.916,3sEHOFLYuaqolCaZ2OFtpL,140587,1.0
0.465,0.0701,-26.413,0.0433,0.992,0.885,0.0608,0.513,149.916,7tuJIJDj0wluKz2HFr1Qhb,140587,2.0
0.166,0.698,-13.761,0.0417,0.858,0.132,0.325,0.213,92.983,65x7OKbCZ3xebmWiQOYk3G,170493,2.0
0.55,0.0307,-30.489,0.0341,0.874,0.705,0.0963,0.393,127.675,2CimobMJPOh0vghVFOkpkS,170760,1.0
0.165,0.101,-21.438,0.0424,0.963,0.846,0.131,0.0724,83.35,4lpMDWD34poJ6FowwEHLtt,998733,2.0
0.568,0.107,-22.751,0.0332,0.922,0.921,0.0614,0.378,126.894,08JKpJBufyROT55z35l0dk,170667,2.0
0.55,0.0307,-30.489,0.0341,0.874,0.705,0.0963,0.393,127.675,6fKsm4qt0SC1Hrwwy34rMr,170760,3.0
0.165,0.101,-21.438,0.0424,0.963,0.846,0.131,0.0724,83.35,6eiq1VYCnUzwoyMiflwHLy,998733,0.0
0.55,0.0307,-30.489,0.0341,0.874,0.705,0.0963,0.393,127.675,56qHio3VErtiPO78EVOY1n,170760,1.0
0.543,0.0307,-30.483,0.0345,0.875,0.705,0.0964,0.394,127.62,0UlFtmetcCGU9B6detRjT0,170760,1.0
0.802,0.903,-6.525,0.0525,0.000581,0.693,0.0525,0.879,125.0,0JY6Ql4NfC9uj3BXq4FqJo,347759,1.0
0.3,0.185,-16.412,0.0313,0.962,0.842,0.408,0.412,175.741,5yGIL05m4uxLdN31LKH2vT,376467,2.0
0.186,0.155,-15.459,0.036,0.981,0.779,0.156,0.108,190.996,6ttvVh55hOpFCJ5eWHcj7i,666133,3.0
0.215,0.354,-15.956,0.0599,0.893,0.922,0.0862,0.087,99.365,4b3gMfTRiyUud0kqUKBq1H,925667,1.0
0.204,0.282,-13.497,0.0277,0.931,0.943,0.157,0.364,183.777,0cly9MkhQolidiTN3HKrdc,466667,2.0
0.626,0.339,-16.05,0.0596,0.907,0.961,0.198,0.851,98.638,4DdNn3YFj4iy8OCpbFM3X0,53200,3.0
0.802,0.903,-6.525,0.0525,0.000581,0.693,0.0525,0.879,125.0,5uHFp4HgkkhaFV0c6oEAT6,347759,1.0
0.186,0.26,-13.783,0.0328,0.971,0.915,0.294,0.343,183.283,0qnKpChQIXi2I198FbtWA4,370867,0.0
0.709,0.37,-20.206,0.0417,0.959,0.787,0.176,0.656,98.529,4JZ6YelV337BoDUKlwlvP9,115853,0.0
0.268,0.706,-13.974,0.0389,0.853,0.126,0.196,0.256,93.095,1EQK27sRCB2sC5WuXndmID,168427,2.0
0.206,0.282,-8.796,0.0368,0.699,0.821,0.149,0.0398,65.8,55MbTLV104Z6xDakLSJ4ER,242773,3.0
0.136,0.773,-9.787,0.0423,0.653,0.633,0.364,0.257,91.147,1aWgC19UW4NXq68JjjGr24,173760,3.0
0.105,0.658,-12.765,0.0452,0.584,0.623,0.368,0.334,183.01,7yNt2vmLmqOudPR8t8oCNO,173267,1.0
0.396,0.0625,-26.038,0.0376,0.948,0.906,0.0971,0.174,85.217,1qyqBKhlv7hjyn9YihCVc2,76000,1.0
0.243,0.714,-14.031,0.0389,0.843,0.237,0.194,0.236,93.647,19DZ0aZnKee4UPvdnBWqnv,167533,2.0
0.51,0.775,-7.127,0.419,0.183,0.0,0.113,0.586,91.807,6kTkQfyDYYY3apM8nehyyk,143256,2.0
0.336,0.0594,-26.066,0.0365,0.949,0.883,0.0975,0.177,82.531,1B1nC3B0rxrMsh6riRt8u8,76000,1.0
0.401,0.205,-18.09,0.0489,0.962,0.9,0.246,0.253,69.706,1roEGiXBHKkOz3nwLdKdTX,67933,4.0
0.382,0.205,-18.407,0.0528,0.962,0.903,0.224,0.281,138.871,2L3pCc6CkTpUqbqDWE3ztO,67933,1.0
0.14,0.0239,-36.501,0.0421,0.942,0.0459,0.201,0.272,161.468,3AeQYnU4liveg7paDaLD1j,54120,1.0
0.0998,0.00589,-31.984,0.0411,0.941,0.82,0.0906,0.0372,83.238,1nC5I4SMEPWWVx12XTv0sP,212920,2.0
0.614,0.21,-15.299,0.958,0.498,0.0,0.0788,0.0852,169.147,1l6iQtDqZ5c3EJz54mCSco,695453,0.0
0.271,0.31,-14.901,0.0566,0.936,0.868,0.0951,0.112,120.102,0bbsOU8LcebWoJ4dvGNC9N,1013827,2.0
0.272,0.306,-14.874,0.0562,0.932,0.859,0.0976,0.0966,122.252,5cZURYccCVfkoKsKXRvsHe,1013827,1.0
0.573,0.131,-27.921,0.0495,0.991,0.831,0.123,0.927,139.277,1FfDkPl2CPU5GZq7YE5Kgw,60319,2.0
0.293,0.201,-22.446,0.0322,0.837,0.886,0.758,0.334,57.963,7CwAxberYrluRfVDkfyrA9,65547,3.0
0.485,0.161,-18.2,0.0393,0.993,0.869,0.113,0.7,139.111,4GqnZJHnjFITj825Ycq1IA,148667,2.0
0.224,0.0711,-17.526,0.0389,0.994,0.896,0.171,0.117,96.793,3jf75KnCSVqA048j6beBg4,310491,3.0
0.526,0.103,-20.325,0.0402,0.956,0.9,0.184,0.301,137.675,1kiJuscoCa1Ro9YhYQhHPu,85960,2.0
0.8,0.486,-11.664,0.0568,0.767,0.942,0.0499,0.682,144.039,0XfF00iCUWJQpo5mNGYKQO,216000,1.0
0.626,0.32,-11.695,0.044,0.849,0.981,0.0494,0.598,167.566,6JfxUBbOpshtMRMxyrLPO7,202680,2.0
0.825,0.455,-11.454,0.0444,0.867,0.983,0.0622,0.65,92.068,1OJZlYFInmC6jA5RQuS6iX,171867,2.0
0.786,0.274,-12.404,0.0802,0.677,0.953,0.047,0.508,125.819,04LCfPunz6TawWalPm4u58,265707,0.0
0.403,0.409,-14.455,0.0435,0.841,0.933,0.0696,0.353,123.832,7E5T8cPXmQO4Z9nKc4cZd8,288520,2.0
0.584,0.144,-13.732,0.0965,0.625,0.947,0.0635,0.555,189.921,2Ska1lwShnXePwNh5njGuQ,185947,1.0
0.463,0.367,-16.348,0.0313,0.93,0.94,0.113,0.589,93.934,4RhJJciE3oli13HeYMbFXb,208293,3.0
0.453,0.646,-12.5,0.0438,0.975,0.954,0.578,0.111,100.974,4z2LSrcN7ufzjvbR5TcVm4,157720,2.0
0.535,0.453,-15.988,0.0501,0.848,0.879,0.104,0.595,144.249,4wLPHdmgLCLKGpxoeQeiK3,133333,2.0
0.205,0.126,-18.188,0.0348,0.953,0.811,0.137,0.245,78.42,7j66ZYNQYvZjinGdzuUf7l,445093,1.0
0.866,0.357,-12.22,0.103,0.559,0.883,0.0889,0.491,103.96,3pi9Zxhu4SJrQXl5zvChSD,295587,1.0
0.484,0.514,-15.241,0.0412,0.81,0.938,0.0743,0.659,138.693,1K0KYcwCDDVwRS51iLQ4KQ,130293,1.0
0.234,0.0699,-22.299,0.0393,0.961,0.868,0.313,0.374,198.161,1ZDAx469cOAkzGN5BdF72I,369067,3.0
0.154,0.214,-18.604,0.0474,0.921,0.87,0.228,0.0375,172.387,2yy8ZooHmy1TZeZiHQgc6i,1013667,3.0
0.143,0.226,-17.133,0.0451,0.936,0.851,0.119,0.0392,74.862,1Preqx71ugKkNttyLqcYDr,1018000,3.0
0.254,0.0795,-19.537,0.0399,0.964,0.824,0.102,0.154,184.597,7qdpQhZyOoqYxh8gHVYAMF,542000,2.0
0.463,0.674,-8.137,0.036,0.303,0.193,0.27,0.774,143.36,4lrciagnJJDfUb0yw9C0l3,141947,2.0
0.789,0.684,-12.13,0.419,0.565,9.28e-05,0.129,0.46,146.944,1ePkRZXpXOGj1JQWNZU0kq,111020,1.0
0.802,0.903,-6.525,0.0525,0.000581,0.693,0.0525,0.879,125.0,32v70zggRJg5WWzTUPL1EI,347759,2.0
0.622,0.287,-17.397,0.0462,0.958,0.923,0.308,0.879,155.981,50RBAeq4wAkpdReTNjxE71,145080,1.0
0.399,0.0548,-24.096,0.0466,0.995,0.91,0.395,0.369,130.977,4KJ5dy6CHoHAvE5E7XITtN,259000,1.0
0.288,0.0246,-25.03,0.0566,0.989,0.91,0.107,0.0778,76.66,46q1Nyu7wCHZ5fvontMqxt,516800,2.0
0.359,0.119,-19.95,0.0373,0.991,0.92,0.112,0.233,146.966,4VIlxIk6mBOeNAxJsnLb4M,100413,3.0
0.338,0.063,-18.123,0.0499,0.993,0.899,0.106,0.0682,131.977,6M2R21jmUuEPkwqEnxHGcq,479840,1.0
0.336,0.063,-18.123,0.0496,0.993,0.9,0.106,0.0684,132.836,4ZITjwyrrTUDawQ7PGQ7ZX,479840,0.0
0.279,0.25,-16.139,0.0376,0.844,0.597,0.25,0.566,138.617,6bpc7QjEstgJCfeayTsDZ8,159320,0.0
0.802,0.903,-6.525,0.0525,0.000581,0.693,0.0525,0.879,125.0,0VaeJG8UwuJCnZlxTWdpRo,347759,0.0
0.406,0.016,-25.666,0.0499,0.993,0.905,0.0865,0.0462,131.591,6tfHfOcShpIlODmprVOOCQ,568560,1.0
0.281,0.435,-21.213,0.0384,0.55,0.905,0.352,0.194,88.377,3PlosWTSInm5MEpnV7cykv,69400,1.0
0.0754,0.835,-12.513,0.0478,0.913,0.972,0.694,0.179,181.181,425eLXyX288zZhn5Q33Dz1,180062,2.0
0.231,0.0587,-29.504,0.0431,0.916,0.459,0.535,0.0429,139.082,3dBto5EbVS1WKNIDsQJVN7,494773,2.0
0.276,0.214,-14.668,0.0343,0.968,0.922,0.153,0.233,137.402,2qwRV09dcCQeD4hP2smccm,469493,2.0
0.301,0.282,-13.327,0.0299,0.929,0.881,0.265,0.398,98.768,4ewbeNXuNG5NRtv2HywBhT,321173,1.0
0.187,0.225,-14.917,0.0313,0.906,0.917,0.216,0.399,178.466,5w9UNIKslzNVpQwae9HoGU,375067,1.0
0.669,0.37,-17.121,0.0334,0.953,0.951,0.0833,0.693,110.407,4uy8fhVeQZw7dolGEzcTRg,132533,2.0
0.539,0.376,-14.003,0.0258,0.937,0.931,0.154,0.668,88.064,6djppJMo4WfUrhRDV5TqYv,258333,1.0
0.233,0.0328,-21.092,0.0373,0.967,0.826,0.0767,0.0944,181.234,4L4XMuySRhk9r7NzwCQW1p,675973,0.0
0.358,0.00319,-28.749,0.0415,0.977,0.887,0.0951,0.0657,101.173,06hUOvKiYNdADAEmoYXTTT,555507,2.0
0.486,0.231,-16.735,0.0321,0.947,0.951,0.0963,0.569,146.953,2JL9DqxZQqWVVrCgrzJU8V,146667,1.0
0.0823,0.0931,-25.092,0.0373,0.882,0.883,0.128,0.125,74.064,2Dd4A4S3ezrhlNVrIh0sTg,279640,1.0
0.584,0.729,-9.6,0.0679,0.598,0.0,0.597,0.872,129.362,35C0Hcrtdd9BufRK8DyhBt,231707,1.0
0.32,0.0761,-24.874,0.0312,0.977,0.886,0.0984,0.412,136.365,4cj76Ke6UPTKtyYaz9ziIN,176773,2.0
0.166,0.0924,-25.092,0.0397,0.883,0.884,0.128,0.125,104.676,19wPtyjxoSY1WOUi2o7WSv,279640,2.0
0.288,0.457,-16.437,0.0535,0.383,0.958,0.242,0.149,113.204,0pgiHWXHa8PF9Z44ffkKHw,121093,4.0
0.277,0.113,-18.739,0.0322,0.868,0.822,0.121,0.211,95.654,2zCexcNSweM8iVHybOuOwL,452640,4.0
0.434,0.0312,-34.219,0.0474,0.909,0.95,0.106,0.262,155.522,0qnyGikKx5gEaVWbZIjyXy,199048,4.0
0.658,0.113,-27.485,0.0833,0.864,0.484,0.0896,0.322,143.567,4SfNERxLujgBNisLX8FyW9,218400,2.0
0.635,0.105,-17.487,0.961,0.443,0.0,0.163,0.406,163.898,1GhZlIICvZCKtxoiaxBmft,195720,1.0
0.717,0.11,-16.832,0.95,0.503,0.0,0.195,0.388,119.797,2bhAEbCupLVBGvDKp7occ3,185940,1.0
0.712,0.141,-15.654,0.953,0.582,0.0,0.342,0.406,126.001,1zVzx1usqtaRcPzQcQxadl,208073,1.0
0.543,0.281,-13.987,0.032,0.98,0.87,0.0593,0.441,132.865,5JjWOpQEwiry3Z2Bek3yXX,163360,1.0
0.147,0.352,-13.243,0.0464,0.699,0.913,0.118,0.072,50.466,67kVXLNqdUfzfDz3L4dzfj,925200,2.0
0.292,0.07,-16.64,0.0338,0.973,0.853,0.117,0.0513,134.522,17lIu0JRtdEVKEqKnGBxB3,754600,1.0
0.131,0.00397,-38.216,0.0432,0.966,0.784,0.0965,0.0399,81.066,7hImTRLeNQAbSapWgIzzQm,152333,1.0
0.417,0.0326,-23.466,0.037,0.992,0.905,0.159,0.138,83.124,5tKp0dQqx7CFB1TuVOseJl,143707,1.0
0.396,0.229,-19.37,0.0559,0.99,0.886,0.184,0.18,158.599,0N0MV1yA1JKneH9zk4ZlZR,273640,2.0
0.115,0.0589,-21.306,0.0426,0.99,0.913,0.105,0.0385,172.252,1KvgWTm8L2FX75gcUefc63,260961,3.0
0.144,0.053,-29.068,0.0435,0.9,0.792,0.334,0.0571,86.141,0vMKF3ErAHw3tyqhdVCaJr,753733,1.0
0.226,0.179,-15.468,0.0296,0.942,0.915,0.224,0.263,172.734,5kAQnsVHUh6NtmzTjiYScg,511760,2.0
0.553,0.00645,-41.192,0.0476,0.893,0.793,0.195,0.32,125.951,471KG7aH5GDVJnZaqcmg6m,119267,2.0
0.654,0.76,-8.527,0.0421,0.173,0.867,0.103,0.0341,127.994,6ESrcqG9CUpe7nLZm6DJSA,360020,3.0
0.3,0.233,-14.735,0.03,0.954,0.866,0.122,0.228,87.168,0hAuRZt4HaJRj2xRMSIVhm,491000,1.0
0.63,0.056,-29.298,0.0442,0.934,0.806,0.174,0.546,130.914,3vWevn77srzENKWb0ibNqU,120067,0.0
0.63,0.056,-29.298,0.0442,0.934,0.806,0.174,0.546,130.914,3PUx2zJ9uodIRcktHXK528,120067,1.0
0.632,0.967,-4.61,0.0625,0.00331,0.228,0.0877,0.381,140.0,5EBmPwi25oWEnwm1rqlIxd,245081,1.0
0.179,0.122,-19.34,0.0424,0.927,0.652,0.103,0.0404,86.823,7IunUTqXb9Nd14y7s5K39i,916160,0.0
0.206,0.519,-21.036,0.075,0.0908,0.656,0.938,0.249,173.668,4sL6sojGcNb1ShTDJNMAMI,289354,1.0
0.26,0.142,-18.238,0.0355,0.95,0.85,0.136,0.188,81.112,5MF3177BNRNbiLAK7wXySI,537760,2.0
0.232,0.0884,-17.738,0.0405,0.957,0.623,0.0724,0.112,67.846,7F6Xd22TVQhfqGmy2kBOxZ,711693,0.0
0.515,0.122,-22.604,0.0373,0.975,0.777,0.407,0.406,74.981,4mheQ2M0CAjq8BUCC0BHZr,146160,1.0
0.12,0.0543,-28.787,0.0462,0.902,0.771,0.225,0.0568,69.965,02vwTdpHmRdNABkh9AVUx2,752227,2.0
0.407,0.182,-14.188,0.0299,0.92,0.783,0.139,0.564,133.843,3bCeb1UfykVaOs3cMDfW1b,114107,1.0
0.541,0.121,-23.119,0.0555,0.922,0.91,0.463,0.148,78.322,52jfwOiKe6ZkI9Faqp7xSk,73253,2.0
0.224,0.167,-21.02,0.0445,0.922,0.879,0.0973,0.102,139.899,59lXdZGc48cqxOYjo6t7Nw,876853,2.0
0.455,0.0175,-37.756,0.0733,0.897,0.767,0.0809,0.203,158.882,7FrlgbjYqVTDI3jHIsdO6S,203893,2.0
0.159,0.261,-16.302,0.0441,0.867,0.853,0.0847,0.106,79.935,1RRuVH62zW6pheqoDxqIHs,832253,0.0
0.482,0.152,-19.707,0.0392,0.989,0.816,0.131,0.289,111.727,4Ij37pbEA79SJQplEUIlrV,91240,0.0
0.329,0.152,-21.351,0.0365,0.989,0.904,0.113,0.497,134.23,3xgBbCj1emrrdYLbG4XMx6,71213,1.0
0.572,0.181,-21.005,0.032,0.971,0.91,0.297,0.491,83.029,1PdykLynKF2zEFPUmLJdna,131573,2.0
0.178,0.0478,-36.294,0.046,0.491,0.00324,0.385,0.301,76.347,1UIVQHscb30LaIW8dCLNtb,54440,2.0
0.303,0.961,-12.737,0.063,0.77,0.964,0.511,0.0325,121.137,643kBY4FXOXFprI6oYKiOj,259056,2.0
0.251,0.101,-16.187,0.0346,0.973,0.672,0.448,0.143,92.051,4xceIacSBEaXAsY5w26RBE,426960,1.0
0.359,0.25,-13.656,0.0319,0.967,0.901,0.093,0.377,175.911,4vhwsUM0TmzCnJJ7H0fTf3,370600,1.0
0.595,0.192,-22.992,0.0339,0.983,0.951,0.164,0.591,75.26,62qpC2aD5zOpkrDNaAaZw3,144560,4.0
0.564,0.328,-16.602,0.0342,0.84,0.949,0.284,0.791,118.948,0LYpJ5qB8nyJgM1xaAlLjn,175267,2.0
0.221,0.264,-15.534,0.0422,0.928,0.854,0.0782,0.0812,137.808,0TI59jvngD9Fun67Mm5B75,988813,4.0
0.259,0.123,-20.132,0.0291,0.334,0.315,0.126,0.28,82.231,3WkBcFIMIntMraMDAeZlBc,171947,3.0
0.622,0.14,-19.32,0.955,0.486,0.0,0.127,0.538,171.181,629zGQeDBNoK6dV7s6usWn,181790,1.0
0.389,0.133,-16.969,0.0301,0.912,0.812,0.145,0.408,97.156,4OEXQvxhnNQZA1oWzAU7yX,226000,4.0
0.703,0.221,-18.499,0.93,0.669,0.0,0.118,0.695,84.281,50xoWUhtn9sXDgLAvBb8Dd,180567,4.0
0.412,0.801,-5.399,0.0552,0.000613,0.034,0.161,0.168,138.137,3wSC8cGL8gUMDTidXXauAy,240120,1.0
0.234,0.102,-17.958,0.0456,0.971,0.793,0.187,0.222,176.617,2cRrt2ZQqwZuqvXB2F379X,454600,1.0
0.72,0.292,-16.722,0.93,0.323,0.0,0.0897,0.341,120.027,4Ck6SVKHyavSz8vzZOgRnF,183340,1.0
0.625,0.328,-15.758,0.943,0.765,0.0,0.262,0.801,78.468,0KxZrP9HswbXzpwPKRatD1,185322,1.0
0.389,0.0951,-17.48,0.0398,0.988,0.919,0.0991,0.156,127.465,0Dthor6hi7PCnkjOlkEAs7,348067,1.0
0.202,0.117,-18.815,0.0343,0.913,0.667,0.0842,0.334,179.652,2b20mQqlfdL6MdMo0rslke,517893,3.0
0.232,0.0328,-21.075,0.0376,0.967,0.827,0.0767,0.0952,180.592,3QLVHQtipN6YuUbRjj3jQP,675973,0.0
0.327,0.0699,-22.299,0.0328,0.961,0.868,0.312,0.363,98.847,1f74l2dipFR63B8IS2Pz4s,369067,1.0
0.203,0.0776,-23.927,0.0433,0.936,0.786,0.124,0.0588,76.318,46rGnmd8JOglRO3yRrcBMW,894787,0.0
0.686,0.944,-7.858,0.0379,0.00109,0.885,0.326,0.757,122.961,10i3YRdVVbCenINZ8PcafA,327883,3.0
0.42,0.973,-8.059,0.0653,0.00592,0.857,0.807,0.17,140.045,1MnZO4llv0O87T6lScboyB,288037,1.0
0.285,0.458,-16.115,0.0515,0.374,0.973,0.251,0.16,110.067,21hVW6OfHJsZ6ZcoNgdY6z,117933,1.0
0.561,0.244,-13.514,0.0619,0.892,1.8e-05,0.343,0.522,107.602,7zAl4DpkMoqrE6RQUu39o8,138783,2.0
0.483,0.286,-13.199,0.0349,0.86,0.0,0.109,0.695,105.957,0N5LAS5yCQ179DUBquFyCO,369107,1.0
0.277,0.0411,-21.713,0.0367,0.96,0.739,0.116,0.166,176.689,6GlmT8XqbeBZOUSDGmRtRj,614987,1.0
0.23,0.0325,-21.086,0.0373,0.964,0.837,0.0766,0.0936,77.838,1S7fBSE5llLXGCfFV8FgX1,678000,1.0
0.234,0.0732,-22.277,0.038,0.961,0.798,0.315,0.397,196.482,6xlULYttYnd6G2e2KSZNn4,370000,1.0
0.224,0.235,-16.315,0.0498,0.89,0.76,0.0844,0.0816,90.637,6khoCHIXqZKBFBFiyRKyeG,757840,1.0
0.147,0.119,-23.244,0.0428,0.947,0.537,0.204,0.0842,77.615,7tWEbRKmRZNp1buEY61qHU,1007493,2.0
0.147,0.119,-23.244,0.0428,0.947,0.537,0.204,0.0842,77.615,51XFJc3eXBjXJmjPwH5tM8,1007493,1.0
0.196,0.0547,-28.753,0.0416,0.9,0.814,0.312,0.068,141.378,5C9QmKkN8okcIFGiY94syE,753467,2.0
0.0,6.32e-05,-23.584,0.0,0.0,0.0,0.041,0.0,0.0,003Se5pb0TOeSkCRGxg4TP,33853,1.0
0.479,0.433,-14.371,0.0384,0.987,0.909,0.111,0.636,113.353,1VWuyDKVUuwyOizdpKltyF,120040,1.0
0.221,0.0492,-18.617,0.0356,0.967,0.746,0.0964,0.0947,186.174,0wfbdqKL145BF2noBZbHVj,675800,0.0
0.566,0.0123,-35.458,0.166,0.774,0.482,0.14,0.365,86.471,0yqrr1Yj7uOzIZw0f0vDDv,166000,4.0
0.257,0.0337,-20.673,0.0341,0.961,0.751,0.0776,0.0867,91.765,2xOgvr8N9W5iUPkWirNagE,681320,4.0
0.166,0.116,-19.888,0.0468,0.915,0.788,0.0922,0.0694,182.514,57EpSVzpFMlIUqxlsJFZ4l,936533,2.0
0.449,0.403,-11.288,0.0466,0.754,0.000797,0.673,0.195,134.465,2JlsX42ZOhZLDulE3gpWR5,520373,1.0
0.684,0.275,-19.278,0.947,0.196,0.0,0.502,0.555,96.427,3cOVVTICF3L8Yk9LqpsNZt,189100,2.0
0.717,0.255,-17.997,0.938,0.156,0.0,0.352,0.49,126.808,73VMV8Uc2BgvIVtUUH4n2D,205700,2.0
0.547,0.392,-16.128,0.0434,0.954,0.956,0.107,0.774,79.123,3ncEnwHOYpRcpcI5O2ztVp,145387,2.0
0.259,0.123,-20.132,0.0291,0.334,0.315,0.126,0.28,82.231,4RjLMDwit1UKDcgDHkx0sb,171947,2.0
0.437,0.41,-19.38,0.0437,0.944,0.884,0.129,0.298,120.335,0MNAUAGUh4Enp6lU1IYhPx,54427,4.0
0.464,0.352,-21.095,0.0391,0.993,0.985,0.0872,0.308,96.039,7K2WRL0IJbFCmi8sCXnMUc,214693,2.0
0.437,0.41,-19.38,0.0437,0.944,0.884,0.129,0.298,120.335,7fjqxtU9lkz1hKQKt1dxR6,54427,2.0
0.556,0.38,-10.157,0.0347,0.614,0.805,0.126,0.19,174.297,3y1XlYc0a8dy6GyIZuaN7E,357931,1.0
0.628,0.117,-16.099,0.956,0.591,0.0,0.276,0.403,169.478,72VylGROFZRHLBu01Upasz,189533,1.0
0.464,0.352,-21.095,0.0391,0.993,0.985,0.0872,0.308,96.039,5magkVXcA2DSfCI5umfRwY,214693,1.0
0.49,0.14,-21.887,0.041,0.995,0.919,0.0551,0.31,104.082,09U4CXg4YmRJcLfT5VccfA,274893,2.0
0.487,0.0759,-22.497,0.0455,0.993,0.914,0.155,0.29,99.763,2drkYgaD99AUFLeBBmzrZK,374640,1.0
0.525,0.0823,-22.12,0.0434,0.994,0.91,0.0727,0.325,96.873,5B3dPbjVOJZrQLolR9auba,440720,1.0
0.487,0.0759,-22.497,0.0455,0.993,0.914,0.155,0.29,99.763,5o2b383eNifv6sptjLSTBc,374640,3.0
0.49,0.14,-21.887,0.041,0.995,0.919,0.0551,0.31,104.082,0XqMmygZUEhSbSPlzHY1pY,274893,3.0
0.525,0.0823,-22.12,0.0434,0.994,0.91,0.0727,0.325,96.873,1rRXqIHOOexq8QZgcubTsc,440720,4.0
0.235,0.0933,-19.443,0.0318,0.963,0.828,0.124,0.0816,89.165,2KsFNpTeXd05nFSKUD7H9r,666293,1.0
0.762,0.773,-9.433,0.0979,0.399,0.399,0.088,0.946,168.011,0gfpaJAzAMmiQxtWdUALIS,69172,1.0
0.637,0.698,-5.384,0.0317,0.65,0.126,0.138,0.612,107.215,6heZB4sK92FmpjOxs7XK9W,67239,2.0
0.688,0.435,-13.751,0.938,0.868,0.0,0.107,0.543,96.764,4VzgUp8EGAvSlUtvcmUCFd,185777,1.0
0.194,0.108,-18.735,0.0383,0.772,0.844,0.0869,0.0369,72.744,0bVVTuweRjFPJdWjp44E1i,1105893,1.0
0.273,0.0394,-22.139,0.0366,0.958,0.804,0.129,0.178,173.614,4lfmkoiHP8gt3LZEA8L0As,613800,2.0
0.644,0.307,-10.55,0.0364,0.874,0.931,0.119,0.341,169.025,3EulrlPA89yPivdQ7NLbGx,308876,1.0
0.242,0.0793,-19.803,0.0374,0.836,0.44,0.0985,0.0936,175.728,69ciQ88sem8VNRXZiGiCnT,570360,3.0
0.264,0.00697,-37.885,0.0432,0.995,0.917,0.0733,0.0756,74.116,0qjPJlYKQHBLTEXIdPECvu,123933,1.0
0.575,0.0533,-25.631,0.123,0.994,0.948,0.146,0.551,133.016,6UOG76ql6D0fkAZxGiTflc,298640,2.0
0.174,0.176,-17.407,0.0429,0.947,0.763,0.104,0.0673,179.191,4lzspIpaen0wyihpQdDqAi,923267,3.0
0.501,0.72,-6.327,0.0298,0.0309,0.0178,0.107,0.711,88.978,3WHHyRfEc5p09TqmsnlOhq,245081,1.0
0.309,0.00697,-37.885,0.0429,0.995,0.917,0.0733,0.0767,71.79,4Tt6QjLendmXaNu2jAv0H7,123933,1.0
0.692,0.204,-18.574,0.0434,0.966,0.906,0.113,0.78,120.626,5XldjVYo18KpFPqi4VAibx,94466,2.0
0.645,0.424,-12.725,0.214,0.0127,0.698,0.394,0.566,179.973,7aeMlrhpQTlYSf9BoltPsI,146782,1.0
0.43,0.0518,-22.414,0.0469,0.99,0.908,0.113,0.193,111.41,3hgzfgDpPRfIUV0ZtRV74W,938440,3.0
0.088,0.0886,-21.166,0.04,0.939,0.926,0.077,0.0349,80.484,7Bd9Q8GINOr3nNLKuGQwFV,1320667,1.0
0.464,0.352,-21.095,0.0391,0.993,0.985,0.0872,0.308,96.039,2PQqnVlQ5EQil0PCd6U6b5,214693,1.0
0.418,0.0362,-35.534,0.0456,0.909,0.938,0.092,0.35,78.952,5SV2ocDLOJkHypW9FCqmpz,332373,2.0
0.236,0.506,-8.973,0.0293,0.26,0.0,0.0903,0.37,84.221,3t6HAuxLJey9LmxCDoIGuQ,175387,0.0
0.133,0.137,-17.729,0.0398,0.94,0.926,0.275,0.0306,86.924,0zN7HzcY38qz2IcZuajXgs,291400,1.0
0.417,0.0367,-35.48,0.0457,0.909,0.938,0.092,0.348,78.952,3canwv6DZC3SGQPsLnRZox,332373,1.0
0.732,0.0606,-24.356,0.107,0.995,0.874,0.126,0.925,114.233,6dRwzltJhq18kfxXkHlBsX,53907,1.0
0.236,0.205,-16.416,0.0306,0.176,0.634,0.319,0.326,142.817,7A0epKPFcocyx15xO2xeV5,309147,0.0
0.171,0.00589,-31.984,0.0406,0.941,0.84,0.0906,0.0373,85.263,5l5u6tFDs40DQ9ic9T9b9R,212920,2.0
0.321,0.0249,-29.833,0.0456,0.959,0.658,0.177,0.0609,129.298,3AS5rytloFRYNT71ZJ6z7r,427373,1.0
0.261,0.187,-17.033,0.0292,0.181,0.665,0.291,0.298,81.639,0lO25etQkuXKEjiiYIDeui,310173,1.0
0.297,0.201,-22.445,0.0322,0.831,0.886,0.758,0.335,57.965,2Ifm55A4hLWAjmOk19sXjK,65547,2.0
0.14,0.0239,-36.501,0.0421,0.942,0.0459,0.201,0.272,161.529,031nEKxD6uYyC2IBhnN6lA,54120,3.0
0.4,0.0476,-27.932,0.0461,0.991,0.849,0.0865,0.0629,66.1,0rwCUXfkaww6k8fNL3Ak3S,100653,3.0
0.0,0.000633,-24.012,0.0,0.0,0.0,0.0,0.0,0.0,0XMUZysBEmleKYN5ZbKg0D,28000,1.0
0.79,0.233,-20.155,0.084,0.996,0.727,0.186,0.69,128.073,3NPJtj25pL3U9wtAILWTBd,79715,1.0
0.744,0.42,-9.901,0.0465,0.475,0.609,0.0462,0.863,141.998,1MGrZohHb2v7K0louP0WgE,182936,2.0
0.798,0.52,-9.888,0.1,0.252,0.0,0.087,0.762,138.026,10c3n5B51YUBiPlyGHNXQ7,233840,3.0
0.294,0.304,-16.848,0.0517,0.869,0.826,0.31,0.0936,140.764,4B4DGnnnbwWPKjvxMHIzlw,551400,4.0
0.294,0.304,-16.848,0.0519,0.869,0.825,0.31,0.093,140.614,4jHsO9UuR5F5n0fAsZI2Xt,551400,2.0
0.627,0.17,-23.324,0.0418,0.977,0.655,0.222,0.738,84.07,1GH7F9C43sDEiijk80zLyA,130000,3.0
0.46,0.286,-13.575,0.149,0.788,0.02,0.152,0.762,96.491,4DQSkBJg40O6rgVCIISYEH,215639,3.0
0.714,0.331,-19.232,0.934,0.601,0.0,0.843,0.478,130.325,09TCevrrtVwRovNAtR0XPl,186263,3.0
0.371,0.279,-16.836,0.0323,0.559,0.849,0.287,0.456,98.003,0CJoByydNl19JJzVSZiPFU,100623,1.0
0.534,0.737,-5.546,0.03,0.515,0.904,0.214,0.84,82.504,0cJWxPL2nDeyvrJBr2OLGj,214882,1.0
0.693,0.434,-9.333,0.0379,0.0282,0.881,0.112,0.175,192.07,3uHVOATExBSOWrEmrlh9aY,157022,3.0
0.665,0.457,-17.684,0.0372,0.0791,0.781,0.104,0.819,112.101,2Gld7HxrSCGrk85Jmgc86e,154173,2.0
0.366,0.104,-18.491,0.0342,0.969,0.909,0.108,0.304,66.689,3wMXeXdeziJpQ9NCVX3dbU,138918,3.0
0.205,0.617,-13.027,0.0342,0.921,0.912,0.113,0.136,97.163,1ZWYdZzj9yOHiGwJauXc6m,175412,2.0
0.601,0.76,-4.349,0.0339,0.539,0.844,0.159,0.859,93.751,7og9HnsD9PwkG3LbJCRp6C,160495,3.0
0.404,0.259,-15.552,0.0359,0.905,0.946,0.105,0.248,172.589,1EqqZ082YynnBPJZRSePUm,120293,4.0
0.286,0.333,-12.447,0.0309,0.469,0.227,0.105,0.181,171.558,2ySEf3bhhDK11gar5nVjIy,170657,3.0
0.797,0.222,-16.218,0.053,0.782,0.992,0.0644,0.82,76.009,28O8OScduexDBmbEiziBaJ,122307,3.0
0.848,0.193,-12.471,0.074,0.739,0.823,0.0631,0.934,65.987,4l7FUIRYRGUB2G6wYU1V1Y,79693,1.0
0.62,0.34,-19.313,0.959,0.324,0.0,0.374,0.383,170.124,0lsmls8n6Z0pthChgmACvK,193368,2.0
0.862,0.657,-4.18,0.0389,0.071,0.706,0.181,0.828,108.127,5cGwCCXtPAUiIwTg7n9Yer,205608,2.0
0.424,0.304,-17.781,0.0364,0.312,0.974,0.126,0.918,114.775,0vP6hJ6vaJNmXhRUSaB0SF,94640,3.0
0.274,0.199,-13.951,0.0539,0.942,0.601,0.114,0.0688,78.054,3eyK39RAi6xyAjW2BHoSkF,101537,1.0
0.479,0.165,-15.808,0.0422,0.877,0.885,0.108,0.393,129.879,1lKPhLmoF10DJhEfCCwcMa,151719,1.0
0.485,0.198,-18.87,0.0833,0.966,0.941,0.122,0.34,70.561,3Rb72JBALuAkSn8Lo0vGA1,127712,3.0
0.486,0.723,-5.995,0.0419,0.127,0.574,0.316,0.819,107.364,53G4ngc9SojZbqqU3lit1M,144378,3.0
0.118,0.0401,-28.962,0.101,0.467,0.108,0.155,0.0281,96.387,7oHIefhdDCPU3ZrQIUejor,164988,2.0
0.0796,0.097,-26.812,0.0327,0.896,0.808,0.376,0.0241,171.576,0VJu7ugxjaNUk1jza2svDe,122670,2.0
0.709,0.675,-7.144,0.0311,0.765,0.958,0.126,0.592,103.359,63GxYmmHD97wiXuEGl7Ju5,114207,1.0
0.412,0.861,-12.394,0.166,0.00751,0.9,0.101,0.803,62.709,21qxrjwsIoP4dBXy3R1zgz,93727,2.0
0.326,0.126,-21.792,0.0353,0.935,0.8,0.111,0.356,105.5,4RsZQwXuElDbyl8SrhYAP1,147303,3.0
0.341,0.135,-17.402,0.0388,0.922,0.834,0.13,0.335,137.373,1Ui2HnVmagGmQzB6qH2OPq,150752,3.0
0.0629,0.228,-14.758,0.0379,0.891,0.84,0.217,0.112,71.588,6BblOmQiQycR2wwf0q4Ltz,213185,1.0
0.482,0.0865,-21.06,0.0348,0.983,0.97,0.107,0.178,122.094,79Iw2oMBvCxbYa6dA8WLVY,101850,2.0
0.514,0.539,-13.207,0.0328,0.057,0.000637,0.395,0.887,120.422,6nOdUij8Ici2q4FcKlznlY,135078,1.0
0.715,0.896,-2.903,0.0317,0.0753,0.266,0.114,0.525,126.494,0sMfaeXRjtJQmNEeRFyB1X,180008,2.0
0.443,0.0252,-26.971,0.0494,0.934,0.184,0.138,0.0506,81.008,5r9N6Oll7ihGN7dJS3b3rw,119353,3.0
0.551,0.124,-11.891,0.0331,0.986,0.918,0.11,0.273,64.628,7KBJNEmkRYbi6H6nC5vJX7,114547,3.0
0.504,0.0546,-21.393,0.0631,0.995,0.957,0.0948,0.195,71.321,3phAhZsJx14FoemkGyEJgT,145920,3.0
0.138,0.295,-13.483,0.0351,0.93,0.912,0.128,0.462,141.713,5l9eEZ5B86KvA1CLCVLxS3,155218,2.0
0.402,0.513,-13.527,0.0404,0.0164,0.817,0.227,0.906,122.08,63w2hlRojX6LeBu4IoJfLS,154017,3.0
0.596,0.442,-18.168,0.0468,0.228,0.918,0.0874,0.95,77.704,5JBQw7HWw3nqzre9UO8zXQ,137607,0.0
0.398,0.331,-16.487,0.0305,0.148,0.0646,0.124,0.759,89.316,5GU7Xxv2MkNTZ03JgB1oS7,133747,2.0
0.628,0.494,-22.821,0.0386,0.643,0.912,0.1,0.813,110.166,1TgFNlwMW98KNJpjvthH3G,160705,0.0
0.46,0.379,-14.846,0.0355,0.0158,0.344,0.0606,0.215,61.777,03fCEYTSvlMVXFkNFRqSwH,92368,4.0
0.411,0.374,-20.096,0.0448,0.319,0.96,0.349,0.164,83.226,6y9aSeJVpEry0B2Cn0SZo6,138840,2.0
0.847,0.111,-23.809,0.0409,0.256,0.83,0.108,0.189,95.7,7DR6N68SbytZ165LrhxvaJ,167522,3.0
0.352,0.0759,-16.103,0.0583,0.964,0.0042,0.369,0.374,71.628,3rATOvffJNPW6xSlcDrWAg,85237,3.0
0.584,0.000174,-19.733,0.811,0.232,0.0542,0.0938,0.0,74.328,0rCczSJ62C413mb2nasaj2,99395,3.0
0.428,0.227,-17.945,0.0438,0.92,0.942,0.107,0.249,157.901,7JspR6uk3azVMxiTqpS4PX,125492,2.0
0.871,0.198,-22.961,0.222,0.122,0.872,0.376,0.806,121.752,1Wv5wUCivTksNKUSMP5u01,94275,3.0
0.337,0.836,-2.809,0.0329,0.0634,0.039,0.253,0.836,138.005,3NiYRPBjDVolt0PFQV6Fs9,160157,2.0
0.632,0.43,-15.016,0.0344,0.145,0.899,0.133,0.752,114.676,0MZehVWk3QQyJ8WgcIqgQ7,143673,2.0
0.706,0.114,-14.614,0.14,0.664,0.94,0.0675,0.765,119.058,2I7hQCneAVttadKZ7XAx53,153747,3.0
0.8,0.605,-6.691,0.074,0.298,0.887,0.112,0.755,97.635,3Ib63BTzNZuHEedWkQnpJD,157335,2.0
0.605,0.268,-14.852,0.0373,0.567,0.899,0.0768,0.549,142.036,1myIZsuRrLvjVJIfMsFn5b,170240,3.0
0.643,0.326,-17.384,0.0346,0.883,0.826,0.118,0.773,132.004,1sPafHupnOU3frnOkRkBfY,180297,1.0
0.534,0.471,-15.478,0.297,9.51e-05,0.923,0.0495,0.496,108.662,54oO946IyfJQzQcnoG1eeO,124682,2.0
0.553,0.325,-14.649,0.0746,0.514,0.9,0.339,0.782,167.518,6DpB2PHgfGx6Wt1Mb62igw,186827,2.0
0.344,0.293,-13.039,0.0376,0.000698,0.916,0.148,0.454,119.458,164w3suYIzlDbASZCYFmvQ,137555,2.0
0.0835,0.274,-12.995,0.0419,0.00256,0.889,0.093,0.191,72.869,2k5g30Psx8NWFXppZIO7K0,155872,2.0
0.832,0.222,-12.342,0.0682,0.809,0.946,0.103,0.868,91.832,6rW2jpMg2INoCx7TzKLQiZ,61360,1.0
0.286,0.0324,-21.716,0.043,0.991,0.96,0.202,0.27,130.325,3c7TjLjcxj5omMEophqspC,119013,3.0
0.395,0.207,-20.675,0.0346,0.968,0.955,0.0731,0.344,121.966,6x5CUFEUoCPzXMz63eS5Or,165458,3.0
0.249,0.286,-12.061,0.0308,0.969,0.923,0.308,0.672,171.626,48a06zt1DfoLaxL3Yo0cPK,136253,2.0
0.159,0.000826,-17.756,0.046,0.784,0.00332,0.0625,0.0395,129.883,6XWiXkBWkqXbFlw3g38F7q,164075,2.0
0.167,0.0952,-23.905,0.0551,0.992,7.67e-05,0.0871,0.075,169.637,2TpXWx9qlPgQHP23qdVYVW,144493,2.0
0.528,0.839,-3.836,0.028,2.11e-05,0.842,0.0922,0.651,121.164,2s5ZvcTVBGnb2QXuo41XXt,173348,3.0
0.396,0.844,-1.96,0.0357,0.198,0.0976,0.271,0.327,99.609,6T0TjJRE2C2f5EYfAawdME,183065,3.0
0.322,0.093,-20.875,0.0323,0.99,0.962,0.109,0.265,98.923,2ue5YQWIwECGkhtSGjpcK0,101250,3.0
0.777,0.0105,-28.281,0.184,0.896,0.946,0.111,0.361,99.169,7sDwr3WKflZA0coCKKh9Pi,129645,2.0
0.528,0.0768,-24.196,0.238,0.99,0.882,0.276,0.0451,125.759,2TAmo8UUXUQkvBfRImq6SI,158197,2.0
0.662,0.876,-5.512,0.0324,0.54,0.867,0.067,0.969,115.345,4LlPKcFn9ZT0znMEYPHfxG,162507,2.0
0.727,0.706,-6.986,0.0386,0.000539,0.904,0.105,0.189,128.645,5vnqPFseXVzZwqqWJLfNck,103600,3.0
0.624,0.931,-3.731,0.0506,0.588,0.187,0.118,0.947,92.389,5YQFKkD58I7PVgxecqfaJU,167915,1.0
0.679,0.114,-12.306,0.068,0.882,0.924,0.122,0.47,94.255,5sbc1Ontrx5zJT9HPZeCw1,129880,1.0
0.359,0.0259,-30.579,0.0364,0.875,0.898,0.113,0.292,158.511,2Xkkx7FoaIMUH9AoQoOGjw,166530,3.0
0.538,0.276,-12.334,0.0291,0.587,0.821,0.115,0.169,105.593,7eMAx8NpndUcLjogjwjFeq,144117,3.0
0.823,0.238,-17.311,0.0697,0.362,0.00142,0.0914,0.234,84.017,2gn94cJRKhzEWtmcer41md,123820,3.0
0.0857,0.00998,-19.023,0.0509,0.359,4.39e-05,0.0995,0.0375,165.781,42sbV75ueJSgX9feXTtClQ,124838,3.0
0.361,0.119,-21.759,0.0434,6.9e-05,0.941,0.176,0.236,60.942,2epG5S0WuENUXHmwfNL8Sj,129122,4.0
0.584,0.378,-13.847,0.0276,0.00201,0.755,0.0629,0.624,89.118,62SViuhbYnmadbuOlZuZe6,137795,1.0
0.472,0.297,-14.733,0.027,0.125,0.888,0.11,0.257,94.722,1QgEQWBf3SB7m0IYdjEndE,176457,3.0
0.69,1.0,-12.118,0.041,0.0418,0.972,0.051,0.0292,192.7,0U4oJ8QIEP3SUrco5FcXEV,64130,3.0
0.447,0.764,-12.204,0.0421,0.00136,0.00454,0.108,0.157,143.464,3YeubJZbBxX3xxT0HwVZgj,76903,3.0
0.629,0.341,-18.186,0.955,0.246,0.0,0.258,0.34,168.191,2fjQKHlxOaNqmuV5NO7ks1,222027,0.0
0.305,0.139,-18.555,0.0333,0.843,0.307,0.113,0.343,82.505,3CkUXkeoJKjJHkMbBQ3WEC,187297,1.0
0.508,0.916,-2.246,0.059,0.106,0.342,0.377,0.71,116.266,58H9JQzSfW6i2MT32PeQqK,157962,1.0
0.682,0.153,-11.322,0.063,0.844,0.0,0.107,0.338,106.38,2nQxpa2fumpuVvGLcUfEiF,135575,3.0
0.514,0.675,-16.721,0.0451,0.00144,0.433,0.144,0.652,106.735,02xN9FTuPt6qTn4O9qeOlJ,116662,2.0
0.246,0.378,-13.621,0.0405,0.825,0.445,0.325,0.0685,113.371,7pA0EwQy3HKljMnrj5d7bC,87613,2.0
0.0,0.0255,-23.058,0.0,0.681,0.986,0.133,0.0,0.0,4s8urKBQYkepPD5azX5JRG,96835,3.0
0.207,0.0759,-14.746,0.0356,0.577,0.00201,0.0843,0.31,101.241,4hbf9ziNAcrbBbRHeCIpaw,145840,3.0
0.192,0.337,-14.266,0.0378,8.69e-06,0.833,0.111,0.231,147.751,6CiVeBTuYhK5h06b4ajPuW,160392,0.0
0.583,0.053,-22.109,0.0734,0.996,0.961,0.11,0.44,76.285,0SkG5DNFQzt6x9k1PtNSr3,125805,3.0
0.609,0.0317,-23.316,0.0685,0.965,0.971,0.113,0.429,108.905,5nied6ebNSNGizoDQfiuQ4,121938,3.0
0.766,0.708,-4.374,0.0356,0.185,0.764,0.0501,0.945,111.96,2fYIwepltGSCEwcHMzeLjT,136828,3.0
0.627,0.405,-8.627,0.0813,0.831,0.982,0.0695,0.501,85.849,4zwxMgiOeO4lGtnlN4NgGM,63947,1.0
0.23,0.059,-29.504,0.0423,0.915,0.468,0.534,0.0446,139.11,1zCBnEcEKKVFB9MsYnib7G,494773,2.0
0.307,0.363,-13.86,0.0312,0.0104,0.000992,0.389,0.962,207.931,2sxwcM7rEYyKu3hgs4oET9,141138,2.0
0.802,0.533,-12.129,0.0566,0.432,0.833,0.0769,0.965,90.584,1J5khy6tBa1MGAYHGpX6Dc,108485,3.0
0.455,1.0,-9.201,0.0475,0.0775,0.972,0.266,0.707,191.491,2ByOz1IcTV4kG4AqUFlUWD,123898,3.0
0.303,0.246,-9.073,0.0402,0.679,0.00041,0.191,0.0374,140.205,3Mp2VhuKqHy7dubr7XwGu0,145605,3.0
0.52,0.173,-23.624,0.0497,0.976,0.934,0.122,0.437,130.309,2zOl5rB5c33vMqQpGKLm62,95293,3.0
0.519,0.103,-16.756,0.0312,0.863,0.876,0.118,0.42,107.458,5dx1VkhXgmbVvNOQyBX4Wr,185468,2.0
0.193,0.67,-12.293,0.0847,0.339,0.496,0.113,0.0391,97.921,1wVBXHvvRlYZBGp08Kpitv,68937,
0.748,0.766,-5.074,0.0353,0.0581,0.091,0.209,0.749,102.932,27N7yZs4DRFY3Il70CcIon,197277,
0.612,0.534,-10.817,0.0317,0.15,0.765,0.117,0.944,114.122,5z6cCfOTS0t2QCtNhXOgaa,134007,
0.575,0.697,-5.965,0.0369,0.556,0.783,0.0946,0.803,150.56,3jxJvaLbh5fwhyN0uutSHK,132623,
0.401,0.114,-19.351,0.0368,0.977,0.952,0.115,0.437,66.448,3XKbVH2XwsKXmwoVJ8MmmG,133485,
